filename,tempo,mfcc1,mfcc2,mfcc3,mfcc4,mfcc5,mfcc6,mfcc7,mfcc8,mfcc9,mfcc10,mfcc11,mfcc12,mfcc13,chroma1,chroma2,chroma3,chroma4,chroma5,chroma6,chroma7,chroma8,chroma9,chroma10,chroma11,chroma12
Aaju_Mithila_Nagariya_Nihal_Sakhiya_aug0.wav,[95.33898305],-172.81027,139.20596,-33.115154,31.015472,-8.111645,22.568539,-11.2977495,10.379844,-4.2928214,0.63132054,-4.744591,4.2716174,3.0175638,0.3042989,0.4224674,0.30744845,0.2572612,0.317497,0.42972404,0.6764648,0.50853354,0.34687474,0.2907843,0.35826206,0.30153102
Aaju_Mithila_Nagariya_Nihal_Sakhiya_aug1.wav,[90.72580645],-151.32199,133.80971,-31.775013,29.78407,-4.5517797,19.958452,-12.228897,11.471126,-8.80235,2.0705225,-3.9096124,8.818075,-2.6989892,0.35704526,0.2959386,0.2897299,0.40952075,0.29205108,0.27072087,0.34772465,0.46496123,0.70631635,0.5081162,0.34493414,0.28983337
Aaju_Mithila_Nagariya_Nihal_Sakhiya_aug10.wav,[83.95522388],-149.98538,147.5075,-35.212017,32.662144,-7.603142,23.659815,-11.278872,10.696892,-4.049472,0.38743916,-4.7949896,4.2210636,3.4930692,0.31879088,0.44536188,0.31939408,0.26766518,0.3332265,0.45159894,0.7168137,0.5347316,0.3630362,0.30324924,0.37757504,0.31739864
Aaju_Mithila_Nagariya_Nihal_Sakhiya_aug11.wav,[90.72580645],-123.07186,113.99758,-9.856202,13.485658,6.325285,11.391115,-1.7426696,3.0824375,1.1697339,-3.300479,-2.3703074,2.9950318,3.6436903,0.33370456,0.45863187,0.3378079,0.28552043,0.34951285,0.46655875,0.72476745,0.5482308,0.37903082,0.31987515,0.39091498,0.3312823
Aaju_Mithila_Nagariya_Nihal_Sakhiya_aug12.wav,[90.72580645],-151.33083,145.98468,-34.843998,32.363495,-8.348596,23.502337,-11.683001,10.708015,-4.3743587,0.46463642,-4.8656006,4.306387,3.28886,0.32029054,0.44542494,0.32477558,0.27178988,0.33553296,0.4529466,0.7130146,0.5375695,0.3668385,0.3069552,0.37788057,0.3180679
Aaju_Mithila_Nagariya_Nihal_Sakhiya_aug13.wav,[104.16666667],-208.57536,125.393845,-29.657413,27.701956,-7.1020026,20.383007,-9.949261,9.344938,-3.7597194,0.5432644,-4.2782044,3.8525481,2.6490657,0.27650154,0.38328183,0.27667525,0.231595,0.28601557,0.3884331,0.6124509,0.45669577,0.31026405,0.26167563,0.32512084,0.27328974
Aaju_Mithila_Nagariya_Nihal_Sakhiya_aug14.wav,[90.72580645],-153.30063,145.41718,-34.583576,32.278225,-8.1271715,23.229195,-11.881931,11.05353,-4.760413,0.8645079,-4.52369,5.0785336,2.8245971,0.32928818,0.43948823,0.31330928,0.27415147,0.34203687,0.47247955,0.7134536,0.5113071,0.35213104,0.30835062,0.38149458,0.3178707
Aaju_Mithila_Nagariya_Nihal_Sakhiya_aug15.wav,[90.72580645],-158.5354,151.44038,-36.144764,33.814285,-9.573808,24.448914,-10.129221,9.394122,-1.66177,-0.4726041,-3.9330335,1.0503592,5.42354,0.45485944,0.33483505,0.28517222,0.3522235,0.4715181,0.7024323,0.54339904,0.3738188,0.30974504,0.37254968,0.31843138,0.32651868
Aaju_Mithila_Nagariya_Nihal_Sakhiya_aug16.wav,[98.68421053],-184.03235,134.54556,-31.765074,29.758265,-7.582866,21.718307,-10.694374,9.935674,-3.994084,0.5223749,-4.516606,4.086762,2.9312317,0.29441074,0.41000307,0.29895398,0.2487192,0.30666915,0.414633,0.6553423,0.49451336,0.336488,0.2815865,0.34746715,0.29300365
Aaju_Mithila_Nagariya_Nihal_Sakhiya_aug17.wav,[90.72580645],-151.30936,145.97151,-34.824333,32.35864,-8.338566,23.497269,-11.675788,10.700123,-4.372409,0.4614581,-4.8649807,4.306872,3.288449,0.3201748,0.44536904,0.324825,0.27184647,0.33558708,0.45286638,0.71286917,0.53744525,0.36681995,0.30691558,0.3776987,0.3179768
Aaju_Mithila_Nagariya_Nihal_Sakhiya_aug18.wav,[82.72058824],-151.31485,147.25838,-35.37178,32.52277,-7.598863,23.51025,-11.225965,10.697342,-4.0507917,0.2399437,-4.6852593,4.261305,3.5328262,0.31527278,0.44482514,0.31772143,0.26550552,0.33077008,0.4503592,0.7184207,0.53371644,0.3590779,0.29886392,0.37432298,0.3132241
Aaju_Mithila_Nagariya_Nihal_Sakhiya_aug19.wav,[90.72580645],-151.50142,146.1926,-35.024532,32.545143,-8.50494,23.646845,-11.809864,10.815844,-4.4704227,0.5400889,-4.9280157,4.3514543,3.2588916,0.31911397,0.44550815,0.32644016,0.27154133,0.33495697,0.45097172,0.7126225,0.54083014,0.36847904,0.3071134,0.37780043,0.31887227
Aaju_Mithila_Nagariya_Nihal_Sakhiya_aug2.wav,[86.53846154],-148.34724,147.85918,-34.9713,32.809654,-7.7593613,23.7709,-11.411406,10.759279,-4.0860543,0.4640591,-4.855309,4.2967534,3.4376516,0.32185963,0.44783852,0.3226384,0.27109542,0.33725727,0.45599544,0.71938765,0.5386237,0.36832568,0.30798215,0.38042614,0.3195209
Aaju_Mithila_Nagariya_Nihal_Sakhiya_aug3.wav,[90.72580645],-152.88258,141.32387,-33.340782,31.641058,-6.994519,22.100582,-12.47366,11.209924,-6.80432,0.8752505,-4.9381104,6.8464556,0.904196,0.3114366,0.31016156,0.42494565,0.30602098,0.26329222,0.33979636,0.48218617,0.7084124,0.53974116,0.37029704,0.31041855,0.36811873
Aaju_Mithila_Nagariya_Nihal_Sakhiya_aug4.wav,[100.44642857],-196.5044,130.57967,-31.126905,29.10903,-7.642058,21.367203,-10.575536,9.876361,-4.0660524,0.68264043,-4.5108385,4.0772753,2.7429047,0.28775972,0.39739478,0.2862698,0.24102964,0.29788533,0.40518224,0.635375,0.47189137,0.32176533,0.2720433,0.3368685,0.28268522
Aaju_Mithila_Nagariya_Nihal_Sakhiya_aug5.wav,[90.72580645],-151.32591,145.99083,-34.83936,32.37503,-8.351839,23.509947,-11.686436,10.709861,-4.3805594,0.4691711,-4.8709188,4.3116155,3.2854967,0.32018432,0.44538212,0.32485548,0.27186564,0.33561158,0.45287788,0.71287996,0.53746027,0.36681113,0.30691388,0.37770396,0.31800836
Aaju_Mithila_Nagariya_Nihal_Sakhiya_aug6.wav,[90.72580645],-152.49902,139.03496,-32.827686,31.131435,-6.0142827,21.586853,-12.6886835,11.287561,-7.3824067,1.0953132,-5.063461,7.615575,-0.07893793,0.30850166,0.3064274,0.42137465,0.29619828,0.26325303,0.34742054,0.48526895,0.70141375,0.50090176,0.34911287,0.3027717,0.37346518
Aaju_Mithila_Nagariya_Nihal_Sakhiya_aug7.wav,[82.72058824],-150.92102,147.22124,-35.3268,32.48384,-7.5279603,23.50001,-11.195029,10.633199,-4.0374284,0.23712055,-4.6905046,4.250093,3.550537,0.31602105,0.445143,0.31770617,0.26547825,0.33074242,0.45046172,0.7186556,0.5342186,0.36002994,0.29965314,0.3747199,0.31392908
Aaju_Mithila_Nagariya_Nihal_Sakhiya_aug8.wav,[90.72580645],-151.72725,146.4463,-35.26834,32.76155,-8.705824,23.826185,-11.972131,10.958316,-4.5890484,0.63730395,-5.001884,4.405576,3.222225,0.32150346,0.44535786,0.3232266,0.27210134,0.33626118,0.45509842,0.7133524,0.53431416,0.36514077,0.3068555,0.37793854,0.31743288
Aaju_Mithila_Nagariya_Nihal_Sakhiya_aug9.wav,[90.72580645],-115.33647,105.952286,-4.999133,10.796661,7.9186783,10.076848,-0.7292748,2.4705884,1.4783785,-3.397086,-2.261878,3.0106266,3.4936166,0.33561736,0.4589591,0.3368432,0.28660655,0.35084942,0.46939155,0.725367,0.5454405,0.37795654,0.3203206,0.39142263,0.33133438
Aananda_aug0.wav,[102.27272727],-189.69002,98.916016,35.973934,17.243483,8.446343,5.810547,1.383047,3.7432086,7.363482,-2.7542255,-10.768947,-5.256459,0.14953378,0.528051,0.42846084,0.334597,0.3376976,0.42005187,0.49937928,0.3838202,0.5263766,0.37063792,0.20322046,0.22514775,0.4307807
Aananda_aug1.wav,[102.27272727],-284.2218,186.97987,4.5640626,26.402205,4.9841237,9.451884,-1.2396587,2.740234,12.582368,-6.3938956,-11.061287,-6.054002,2.854292,0.52282315,0.42891005,0.3373095,0.33319938,0.41768846,0.48915362,0.3798534,0.5255645,0.3627801,0.19833313,0.22239967,0.42848775
Aananda_aug10.wav,[102.27272727],-245.4502,142.38168,22.433933,16.152628,6.6513286,7.0864744,-0.8855989,6.897423,3.5898373,-12.698473,-10.99382,-0.6385117,-4.07075,0.24956252,0.4594262,0.52680165,0.41376787,0.35542774,0.3301743,0.40811527,0.44645566,0.35468775,0.5071644,0.3465711,0.17644072
Aananda_aug11.wav,[102.27272727],-287.7471,187.87851,6.801009,26.446577,6.0055623,9.4538765,-0.44102594,0.54740983,14.02924,-2.9583783,-10.167388,-8.030573,2.953759,0.51385486,0.40734917,0.3677133,0.37410617,0.44094187,0.51193696,0.40507537,0.53108144,0.40068603,0.22095086,0.27023423,0.4395874
Aananda_aug12.wav,[102.27272727],-282.92456,187.80173,3.3415914,26.80993,4.5969477,9.616799,-1.7103052,3.0315697,12.452253,-6.7515454,-11.076841,-6.2050943,3.299527,0.5230873,0.42596358,0.3316227,0.3314173,0.41284433,0.49156097,0.37924394,0.52422136,0.36697003,0.19757065,0.21922627,0.42673147
Aananda_aug13.wav,[102.27272727],-246.2699,147.7621,24.767027,18.174416,7.8587966,7.5679274,-0.5057321,3.6406143,10.198434,-4.524147,-12.304998,-5.105615,2.0962503,0.52610093,0.42691597,0.33264583,0.33408836,0.41645482,0.49589324,0.38095903,0.524467,0.3689438,0.20038693,0.22155496,0.42796627
Aananda_aug14.wav,[102.27272727],-281.33728,181.31473,3.990812,24.733477,4.0527363,9.528549,-2.303539,6.499897,8.870054,-11.001835,-11.135657,-2.9303746,0.31484622,0.4369468,0.5406686,0.3746773,0.3042201,0.32846892,0.41198063,0.4677744,0.35441658,0.5072967,0.35088518,0.16712458,0.21750484
Aananda_aug15.wav,[102.27272727],-280.67313,180.12077,3.8201668,24.506834,3.6382935,9.589903,-2.8464494,7.083477,6.516377,-12.67198,-10.395148,-1.9773668,-1.4043529,0.22091386,0.46668723,0.5215805,0.3858977,0.33455312,0.364082,0.4291903,0.4733664,0.3895541,0.5291197,0.35850346,0.16681933
Aananda_aug16.wav,[102.27272727],-164.88934,80.38026,35.238052,17.525639,8.944715,5.448452,1.807909,3.9898002,6.3791456,-2.3554213,-9.516314,-5.2625823,-0.88829345,0.53549683,0.43447524,0.32930797,0.35045093,0.42473838,0.51137114,0.38468224,0.5272302,0.38365322,0.2042714,0.23158444,0.44545808
Aananda_aug17.wav,[117.1875],-239.85513,88.88358,31.898788,15.394125,7.585362,5.255017,1.2055706,3.320295,6.619983,-2.442065,-9.637807,-4.705928,0.2361239,0.4670232,0.3780449,0.2946694,0.30027977,0.37280473,0.43863013,0.33566412,0.46200842,0.3261243,0.17958884,0.20188442,0.38531142
Aananda_aug18.wav,[102.27272727],-282.92105,187.7985,3.3457363,26.809246,4.5972295,9.617485,-1.7087926,3.0304916,12.452425,-6.7523656,-11.077702,-6.2046046,3.2986305,0.5232286,0.42639256,0.3321142,0.32963172,0.41140494,0.491119,0.37846503,0.52341413,0.36839616,0.1981131,0.21766087,0.423481
Aananda_aug19.wav,[98.68421053],-282.52975,189.66267,4.1844964,26.692997,5.1877275,9.425637,-1.7535827,3.1696997,12.615668,-6.8170586,-11.14814,-6.1551857,3.2299948,0.5179017,0.41257662,0.31782714,0.32678318,0.41356742,0.49124852,0.37486532,0.52161586,0.3604702,0.18860179,0.21105027,0.42168736
Aananda_aug2.wav,[102.27272727],-292.95825,190.96938,6.259461,27.770393,6.7797265,9.788144,0.72018623,-1.2976153,15.0726595,0.027909892,-8.771244,-9.457205,2.214762,0.38972458,0.35264972,0.3783056,0.4430189,0.5141091,0.41416574,0.5454665,0.38182813,0.2124576,0.25968012,0.46012717,0.495203
Aananda_aug3.wav,[106.13207547],-290.5299,183.60785,3.86799,26.194977,4.4790764,9.354426,-1.8039799,2.9054322,12.223973,-6.596884,-10.917325,-6.086552,3.2017748,0.51190627,0.41730675,0.32468823,0.32235044,0.40210918,0.47977373,0.3687693,0.5102827,0.36019862,0.19400819,0.21303207,0.41410574
Aananda_aug4.wav,[102.27272727],-287.94937,189.04503,4.8872576,26.929739,5.2803283,9.337629,-0.8918768,1.1021569,13.8748665,-3.9081554,-10.605754,-7.8197284,3.2829509,0.5097867,0.41287923,0.36582682,0.347678,0.43476582,0.50489336,0.42558897,0.53827614,0.40996462,0.22057264,0.24953243,0.41079485
Aananda_aug5.wav,[102.27272727],-187.49695,97.33306,36.01274,17.308163,8.499023,5.771598,1.4270209,3.7456887,7.2797413,-2.710225,-10.664025,-5.272018,0.07125566,0.5281837,0.4286321,0.33449617,0.33779606,0.42020208,0.49940148,0.38400933,0.52635515,0.37087926,0.20329131,0.22524305,0.43096507
Aananda_aug6.wav,[102.27272727],-198.04916,105.11483,35.503906,17.131214,8.448989,5.9838514,1.1699084,3.7856581,7.7256255,-3.012786,-11.085396,-5.221599,0.43645808,0.52752656,0.42789537,0.33379284,0.33688834,0.4193618,0.49854404,0.38321665,0.5259818,0.37039495,0.2023584,0.22413553,0.43025213
Aananda_aug7.wav,[106.13207547],-294.15054,181.29808,3.8736773,25.845343,4.463825,9.279812,-1.7617681,2.8538525,12.063843,-6.510347,-10.801193,-6.009538,3.1574633,0.5052907,0.4112576,0.3201681,0.32014358,0.39880762,0.47448984,0.36452743,0.50449294,0.35452113,0.19132768,0.212545,0.41252935
Aananda_aug8.wav,[102.27272727],-283.7984,184.94771,4.546881,25.866283,4.2900977,9.675566,-1.8977622,4.2024136,10.887362,-8.779826,-11.137753,-4.848905,2.0982394,0.42493305,0.5420586,0.42662948,0.31437352,0.34482464,0.43466932,0.4963046,0.4022209,0.5353926,0.3889365,0.18357913,0.20821868
Aananda_aug9.wav,[102.27272727],-220.43115,119.67346,32.500767,23.89134,5.344571,12.076834,-3.3306134,6.2541137,5.2702746,8.314511,-12.705628,-4.1667833,-3.7007496,0.37990317,0.3483684,0.38252956,0.4640793,0.5177004,0.43449125,0.5460454,0.4029165,0.219551,0.27163285,0.48745492,0.50777465
Aappa_Aamma_aug0.wav,[140.625],-142.8318,112.64676,9.750605,16.91623,11.457724,8.451108,-0.023292124,-1.3969723,-1.2620039,-1.6607679,-5.1252303,-2.1920545,1.3011857,0.32463333,0.36719015,0.3461293,0.35762915,0.43850216,0.35681438,0.3523418,0.36518753,0.43101996,0.5442356,0.4150926,0.3704839
Aappa_Aamma_aug1.wav,[140.625],-187.51164,149.10672,-11.55457,30.128168,3.3400917,14.258687,-4.148668,1.0705564,-3.0434031,-0.3030231,-5.7933164,-2.763059,2.682637,0.26544136,0.30739716,0.28544226,0.2964673,0.37742883,0.29492277,0.29307002,0.3101053,0.3759304,0.48846906,0.3581506,0.31224784
Aappa_Aamma_aug10.wav,[140.625],-187.32318,148.95251,-11.438128,30.027626,3.4216146,14.195003,-4.0934434,1.0341887,-3.0184402,-0.3231743,-5.787723,-2.7627776,2.6762445,0.26547518,0.3074363,0.285441,0.29645702,0.37744963,0.29500127,0.29310644,0.3101115,0.37596193,0.48851937,0.35822687,0.31228462
Aappa_Aamma_aug11.wav,[140.625],-136.616,102.971535,11.443915,15.424831,11.367551,6.614366,-1.0787683,-1.6444149,-1.4205508,-2.7071452,-5.0066066,-0.5939636,-0.13194431,0.3614888,0.30894634,0.35311016,0.3427649,0.33175442,0.42332056,0.34685203,0.31911582,0.35063574,0.39638174,0.5514937,0.4208599
Aappa_Aamma_aug12.wav,[127.84090909],-202.04614,157.75713,-10.716624,28.14946,7.032687,14.368134,3.1631572,-0.18313482,0.18360916,-0.7531956,0.378809,-8.343404,0.63624215,0.29014918,0.363832,0.28912297,0.29315338,0.31838402,0.3803286,0.49844256,0.34455106,0.30192855,0.25847837,0.31200936,0.29628184
Aappa_Aamma_aug13.wav,[140.625],-188.3641,142.66443,-11.651674,29.210827,2.7468653,12.021761,-6.54566,1.591933,-4.246407,-0.7297565,-7.5433016,1.208508,-1.1105716,0.3374842,0.29814163,0.24979194,0.29419905,0.2711361,0.29604754,0.3646767,0.27964538,0.2778901,0.305644,0.38984784,0.48243907
Aappa_Aamma_aug14.wav,[140.625],-184.86778,147.095,-10.615376,29.901144,3.1320148,14.627878,-4.5848193,1.539263,-3.442777,0.0074344594,-6.0547967,-2.5206714,2.4824684,0.32330745,0.365862,0.34467024,0.35629007,0.43759385,0.35561794,0.35084507,0.36416775,0.43060037,0.5435767,0.41426387,0.3693415
Aappa_Aamma_aug15.wav,[140.625],-189.36966,145.12665,-11.951412,29.545868,2.782133,12.999549,-5.8720207,1.5038434,-3.78494,-0.20606282,-6.9035983,0.09289641,0.6427098,0.30490935,0.2574823,0.29630077,0.28212568,0.2757221,0.3621413,0.28070572,0.27313775,0.29716524,0.34842286,0.49160975,0.3467325
Aappa_Aamma_aug16.wav,[144.23076923],-154.03613,109.875114,10.618414,17.417385,10.532429,10.859359,0.030030565,0.7425893,-2.3031971,0.7664193,-6.033127,-2.1435964,-0.7500978,0.3647316,0.34563315,0.35904682,0.41707608,0.3724488,0.35080507,0.3669403,0.41506597,0.5318329,0.3922295,0.36670873,0.33080593
Aappa_Aamma_aug17.wav,[140.625],-136.59566,107.90728,11.810456,15.965989,11.826632,8.1798725,0.19344023,-1.4782611,-1.1543136,-1.7638859,-5.0305877,-2.160524,1.1278379,0.32537127,0.36809114,0.3466806,0.35754,0.43884966,0.35718656,0.353065,0.3658785,0.4316439,0.5441984,0.41521573,0.37092948
Aappa_Aamma_aug18.wav,[140.625],-139.35988,110.00802,10.92722,16.360548,11.687345,8.288335,0.101339936,-1.4389669,-1.1971656,-1.7164838,-5.086673,-2.17175,1.2001948,0.32513162,0.36755347,0.34615767,0.3578026,0.43908182,0.3572741,0.35279414,0.365543,0.4312223,0.5440549,0.41509128,0.3704909
Aappa_Aamma_aug19.wav,[140.625],-189.08862,146.86171,-11.381069,29.734602,3.3124394,13.448998,-5.14058,1.0533373,-3.5597577,-0.3573269,-6.52695,-1.276578,1.7448053,0.3089353,0.25500196,0.29721448,0.2822608,0.29515505,0.36188895,0.31008086,0.27822593,0.3042527,0.36057422,0.4981464,0.39510363
Aappa_Aamma_aug2.wav,[133.92857143],-184.24773,135.83652,-12.282396,27.468065,3.0321634,8.423414,-7.7520227,0.66528493,-4.792051,-2.2548883,-6.425175,3.1415792,-4.6723237,0.47881943,0.33131057,0.28090712,0.22953956,0.27594233,0.25427493,0.2531069,0.33666715,0.24554259,0.25762385,0.2908042,0.3693314
Aappa_Aamma_aug3.wav,[140.625],-187.329,148.95769,-11.4416485,30.03062,3.4186196,14.196743,-4.0952053,1.0356703,-3.019124,-0.32258368,-5.787518,-2.7625077,2.6765606,0.26544926,0.30742168,0.2854225,0.29644608,0.3774374,0.2949895,0.29309943,0.3100907,0.37594664,0.4884963,0.35820025,0.31225798
Aappa_Aamma_aug4.wav,[140.625],-187.38498,149.00336,-11.475712,30.05971,3.3938775,14.215187,-4.111467,1.0462183,-3.0267518,-0.31692934,-5.7885036,-2.7624204,2.6789064,0.2654314,0.30739126,0.2854047,0.2964385,0.37740996,0.29494286,0.2930741,0.31007132,0.37593928,0.48846024,0.3581617,0.31224316
Aappa_Aamma_aug5.wav,[140.625],-187.96318,141.66306,-11.807387,28.934143,2.4990075,11.3304825,-7.202064,1.3580073,-4.5736017,-0.7935007,-7.4853783,1.7710404,-1.840837,0.35826686,0.3002972,0.24641287,0.284055,0.26885942,0.27084735,0.36478844,0.27103162,0.26546648,0.30087575,0.34772345,0.47748366
Aappa_Aamma_aug6.wav,[140.625],-188.08553,141.85136,-11.796914,29.02716,2.5891657,11.476345,-7.037002,1.4020106,-4.4237266,-0.66475546,-7.441802,1.5874848,-1.7159046,0.34912872,0.30033305,0.24731985,0.28780833,0.2679051,0.2723658,0.3633168,0.27439335,0.2674818,0.3018015,0.3610862,0.47834253
Aappa_Aamma_aug7.wav,[140.625],-189.45776,149.2893,-10.983078,29.873636,3.7026513,14.110126,-3.6891925,0.9345642,-2.6713564,-0.33879173,-5.5404186,-3.364119,2.888804,0.26414758,0.31305662,0.28787678,0.28966847,0.37740386,0.296609,0.3024641,0.3109991,0.39073178,0.48921874,0.37495652,0.31618583
Aappa_Aamma_aug8.wav,[140.625],-187.51605,149.10983,-11.556895,30.130388,3.3383553,14.26,-4.1498923,1.071265,-3.043983,-0.3025424,-5.793464,-2.762975,2.682729,0.2654159,0.30737177,0.28542933,0.29645833,0.3774299,0.29491735,0.2930674,0.31010273,0.37592018,0.48845416,0.35813013,0.31222117
Aappa_Aamma_aug9.wav,[140.625],-187.38873,149.00693,-11.479567,30.06389,3.393724,14.216963,-4.113864,1.0458637,-3.026602,-0.31481132,-5.7895365,-2.762938,2.6783063,0.26546332,0.30740678,0.28547353,0.2964751,0.37746704,0.2950077,0.29309487,0.31012204,0.37595055,0.48853847,0.3582364,0.3122776
Aila_Luwaya_aug0.wav,[125.],-182.79501,141.20772,-4.7926755,36.110462,3.3442702,20.597935,-2.635003,12.213098,-2.0747433,8.347818,-4.093063,4.4748077,1.5184053,0.30144918,0.2774039,0.34071913,0.36084485,0.49754244,0.6345839,0.4841273,0.3807231,0.27586472,0.3155647,0.22034162,0.23234977
Aila_Luwaya_aug1.wav,[117.1875],-163.77246,145.82259,-4.41385,37.163475,4.925816,21.248423,-1.5994877,12.866024,-2.2245326,8.459155,-5.103309,5.844072,-0.46228513,0.24387318,0.31745547,0.29930338,0.3648463,0.35198745,0.5100924,0.69128454,0.5515582,0.36880842,0.28384557,0.32788298,0.22847614
Aila_Luwaya_aug10.wav,[117.1875],-131.09442,115.51311,16.837023,22.782257,14.5054865,13.011648,4.507717,6.665922,3.2149985,4.153111,-0.48485193,2.1710722,2.8963912,0.3246873,0.30094236,0.36684486,0.38651502,0.5282435,0.6714266,0.51255524,0.4040466,0.29478818,0.33719292,0.23665448,0.2501046
Aila_Luwaya_aug11.wav,[117.1875],-130.29466,108.94767,18.376078,22.534723,15.618422,11.195189,4.5569434,5.880538,2.5670881,1.957675,-1.0202363,2.2568269,-2.343139,0.23129751,0.25851578,0.31725782,0.28082368,0.3411261,0.34464324,0.5360413,0.67104125,0.48206368,0.3643444,0.25603,0.31951985
Aila_Luwaya_aug12.wav,[117.1875],-163.58177,149.69202,-5.253796,38.510983,3.5411403,21.837076,-2.8216875,12.915103,-2.2076194,8.800073,-4.3554807,4.7076445,1.6918466,0.32205468,0.29749253,0.36521864,0.3866079,0.53168505,0.6707835,0.5051928,0.39649376,0.28974432,0.3325215,0.23018104,0.24709558
Aila_Luwaya_aug13.wav,[117.1875],-174.07623,157.48332,-7.9027295,41.26311,1.7214521,24.548218,-1.9460105,12.525785,-0.048153568,7.1248474,0.34478474,-0.7467904,5.3003945,0.3783968,0.36972585,0.52507627,0.66831666,0.5526429,0.41377708,0.3201114,0.34975916,0.23870812,0.25616977,0.32379612,0.29578078
Aila_Luwaya_aug14.wav,[117.1875],-162.4266,143.99635,-3.065749,36.44188,5.3668084,19.469723,-1.9385563,11.97351,-2.0290534,8.219967,-5.2038417,6.5327687,-2.5406413,0.23776157,0.32079008,0.27950028,0.34136814,0.3187551,0.47247508,0.7002212,0.46101382,0.3559004,0.26782772,0.3182902,0.22354136
Aila_Luwaya_aug15.wav,[117.1875],-163.51819,145.69978,-4.1022587,37.016838,4.759814,20.972075,-1.6597741,12.859548,-2.099496,8.558055,-5.207969,5.849465,-0.86502355,0.23791221,0.31907886,0.295831,0.361122,0.35136336,0.507943,0.69873065,0.5510351,0.3633383,0.2791654,0.3248414,0.22769977
Aila_Luwaya_aug16.wav,[117.1875],-161.69133,149.41072,-5.1967964,38.255623,3.5785959,21.777544,-2.7808394,12.869009,-2.2234173,8.713105,-4.2821393,4.6175175,1.6199117,0.323454,0.2986958,0.36620864,0.38717815,0.53222495,0.6700709,0.50577813,0.39840415,0.2916165,0.3339188,0.23154332,0.25045484
Aila_Luwaya_aug17.wav,[117.1875],-154.90717,134.37074,7.5706434,32.094223,7.156822,22.071049,-0.76543105,12.844817,-2.0317576,10.285043,-3.1292844,4.3154836,-0.7389344,0.3770713,0.41106555,0.5429385,0.6658642,0.52934194,0.4395828,0.33882242,0.35276332,0.24595854,0.25744396,0.317268,0.30433318
Aila_Luwaya_aug18.wav,[117.1875],-162.0435,149.87468,-5.618317,38.64555,3.226485,22.094856,-3.0640757,13.118928,-2.4406726,8.89619,-4.440726,4.7435727,1.5193789,0.32296082,0.29881507,0.36486265,0.38500133,0.5274759,0.6709342,0.5116949,0.40283224,0.29285568,0.3350222,0.23436,0.24780387
Aila_Luwaya_aug19.wav,[117.1875],-144.54788,129.33926,9.335063,27.329458,11.794437,15.066549,2.8340743,8.118114,1.897637,5.291386,-1.4934363,2.6604807,2.8512726,0.32414854,0.30018306,0.36612108,0.38581446,0.5277631,0.67101616,0.51210254,0.40353698,0.29406694,0.33644536,0.23575297,0.24929376
Aila_Luwaya_aug2.wav,[117.1875],-164.24332,147.00354,-4.7439914,37.55416,4.6270723,21.80835,-2.1964035,12.858258,-2.4524703,8.377622,-4.677214,5.6439037,0.47320992,0.31532073,0.2994397,0.36071965,0.3726777,0.4618588,0.6764365,0.55899906,0.39920384,0.27900952,0.32776108,0.24489619,0.23917772
Aila_Luwaya_aug3.wav,[122.2826087],-172.52715,145.49344,-4.9533014,37.256912,3.5064535,21.185963,-2.6702416,12.588144,-2.1099265,8.565267,-4.2051845,4.5738873,1.596517,0.31244066,0.28828186,0.35306105,0.37306985,0.51257366,0.6528969,0.49785873,0.39165932,0.28442517,0.32569703,0.22784561,0.2403244
Aila_Luwaya_aug4.wav,[117.1875],-155.19789,141.54651,0.82625496,33.57495,7.2015257,18.810041,-0.31503144,10.820476,-0.46966615,7.280107,-3.1503482,3.803558,2.1401799,0.32366255,0.2995819,0.36559653,0.38546222,0.52765393,0.6709743,0.511874,0.40317655,0.2935339,0.33570227,0.23506354,0.24860956
Aila_Luwaya_aug5.wav,[117.1875],-143.70212,128.41023,9.903035,26.958017,12.063999,14.86858,2.9803255,7.976047,2.0113835,5.2024746,-1.4109925,2.6133175,2.8705587,0.3242044,0.30025092,0.36619005,0.38590455,0.52783346,0.6710913,0.5120842,0.403512,0.29409912,0.33643508,0.23583417,0.24937719
Aila_Luwaya_aug6.wav,[117.1875],-173.62425,156.9534,-7.9780827,41.177673,1.9755734,24.746214,-2.057592,12.666925,-0.35087952,7.410135,-0.08255382,-0.274048,5.222992,0.37670296,0.36214674,0.53405607,0.67406094,0.56572425,0.40726173,0.31485265,0.34799555,0.23650092,0.25794482,0.3238005,0.30096796
Aila_Luwaya_aug7.wav,[117.1875],-161.78941,149.5445,-5.3171034,38.367157,3.4783216,21.867748,-2.8593955,12.941351,-2.2867725,8.764986,-4.3278155,4.651938,1.5900747,0.32327145,0.29873407,0.36577916,0.3863896,0.53054756,0.6702988,0.5075932,0.39981988,0.29196557,0.33423346,0.23234782,0.24949455
Aila_Luwaya_aug8.wav,[108.17307692],-169.02034,148.99388,-5.119945,38.66316,3.7830997,21.56605,-2.5152037,12.684681,-2.052776,8.642275,-4.2732406,4.4906106,1.7795022,0.3139803,0.28740528,0.35518813,0.37608716,0.5194857,0.66553754,0.50090414,0.3925631,0.28091365,0.32276666,0.21930231,0.2347556
Aila_Luwaya_aug9.wav,[110.29411765],-168.00092,148.60333,-4.945984,38.530872,4.092765,21.490953,-2.3292682,12.446738,-1.7480803,8.545158,-4.1482625,4.4190583,1.7674056,0.3156202,0.28924423,0.35725614,0.37774304,0.5214374,0.6662304,0.50005305,0.3919924,0.28212103,0.32523853,0.22043285,0.23700835
Digum_jorshi_tamang_song_aug0.wav,[81.52173913],-74.228615,99.84691,-13.492918,30.337193,-2.0620043,8.718511,-6.2849884,2.369085,4.889665,-6.0327845,-3.0768263,-2.3695447,-4.4866457,0.34557024,0.32335034,0.2452857,0.26132828,0.24039808,0.32926258,0.5031587,0.36865547,0.30216736,0.35786808,0.3908844,0.48742318
Digum_jorshi_tamang_song_aug1.wav,[81.52173913],-87.55696,116.27978,-26.723955,41.44678,-10.867593,15.5278,-11.151065,5.0850506,3.89967,-5.97023,-2.698423,-3.1959019,-3.1294193,0.34507403,0.3227572,0.24463335,0.2606948,0.23982169,0.32880503,0.50284946,0.36829546,0.30172214,0.35746035,0.39049092,0.48704806
Digum_jorshi_tamang_song_aug10.wav,[81.52173913],-94.67327,125.73421,-35.17461,48.954983,-17.319708,20.870129,-15.285485,7.9270296,2.2106268,-5.153869,-2.8506258,-3.6261668,-2.1750264,0.34501404,0.32271484,0.24455436,0.2605982,0.23970778,0.32871178,0.5027911,0.36826134,0.30165398,0.35740042,0.39043432,0.48698488
Digum_jorshi_tamang_song_aug11.wav,[81.52173913],-109.371414,141.78017,-47.303925,59.17973,-23.299131,26.349691,-16.613317,5.9755535,4.7877235,-5.7157307,-0.012426005,-6.3461,3.7028494,0.3190238,0.24758518,0.26265997,0.24346079,0.32297373,0.50381076,0.35539022,0.3136051,0.36355713,0.37319705,0.49127802,0.34337488
Digum_jorshi_tamang_song_aug12.wav,[152.02702703],-106.287865,133.25214,-42.46226,56.07734,-21.97404,26.098051,-18.93481,10.324522,0.84056455,-4.0482216,-3.1744242,-4.1785164,-1.4843099,0.33672756,0.3179986,0.23736991,0.25304136,0.23295932,0.32457313,0.49788833,0.36027122,0.2961904,0.35190952,0.38292283,0.4780607
Digum_jorshi_tamang_song_aug13.wav,[81.52173913],-74.124664,99.73408,-13.40861,30.267036,-2.0117013,8.670806,-6.258425,2.3574917,4.889787,-6.028534,-3.08625,-2.3687122,-4.4842234,0.34553522,0.32330495,0.24530259,0.26132682,0.24039948,0.32924265,0.50313073,0.36864686,0.302179,0.35790956,0.3908968,0.48741564
Digum_jorshi_tamang_song_aug14.wav,[81.52173913],-101.2119,134.58263,-43.299126,56.29491,-23.753181,26.292267,-19.568884,10.994285,0.26786008,-4.130977,-3.125419,-4.010621,-1.2174344,0.344962,0.32265782,0.24447814,0.26050785,0.2395976,0.32862884,0.50272274,0.36815408,0.30152303,0.35729977,0.39037922,0.48696464
Digum_jorshi_tamang_song_aug15.wav,[81.52173913],-81.95303,109.14341,-20.70745,36.277477,-6.6368933,12.164552,-8.685767,3.5880733,4.598399,-6.1691213,-2.8090622,-2.8079216,-3.798277,0.34519413,0.32293063,0.2448049,0.2608352,0.23994842,0.32893267,0.5029367,0.36838862,0.30183122,0.35757652,0.39062488,0.48713323
Digum_jorshi_tamang_song_aug16.wav,[86.53846154],-102.9304,94.7848,-12.948833,29.21968,-2.2144303,8.570726,-6.4628468,2.8886616,4.069182,-5.84831,-2.9318511,-2.4471638,-4.9101877,0.3310995,0.30474338,0.22367781,0.24397223,0.21957856,0.28449732,0.4786701,0.3214952,0.28138,0.33186835,0.35095975,0.450194
Digum_jorshi_tamang_song_aug17.wav,[81.52173913],-88.04392,116.923096,-27.280474,41.92872,-11.276956,15.857602,-11.404201,5.2453027,3.816241,-5.940794,-2.686991,-3.2311528,-3.0630937,0.3451141,0.32278442,0.24467699,0.2607231,0.23978992,0.3287865,0.50283605,0.36827427,0.30171752,0.3574734,0.39050898,0.48706728
Digum_jorshi_tamang_song_aug18.wav,[81.52173913],-101.22923,134.60373,-43.321102,56.314823,-23.770765,26.308695,-19.58171,11.004533,0.2597137,-4.1270113,-3.1285923,-4.0111494,-1.2161143,0.34496623,0.3226735,0.24449477,0.26052922,0.2396184,0.32863724,0.50273854,0.36818135,0.30157402,0.3573491,0.3904034,0.4869798
Digum_jorshi_tamang_song_aug19.wav,[81.52173913],-76.292816,102.25782,-15.284015,31.779694,-3.1415737,9.506579,-6.8275466,2.619709,4.872051,-6.101667,-3.0031748,-2.470165,-4.3352895,0.34543794,0.3232087,0.24514969,0.26118544,0.24022424,0.3291486,0.50306296,0.3685527,0.3020833,0.3577924,0.39078966,0.48732746
Digum_jorshi_tamang_song_aug2.wav,[81.52173913],-91.46442,121.42971,-31.271975,45.449234,-14.275817,18.321981,-13.284522,6.5133405,3.0898902,-5.610594,-2.7283561,-3.4509544,-2.609701,0.34501165,0.32271534,0.24457109,0.26061943,0.23970893,0.32873225,0.5028064,0.36826017,0.3017025,0.35745922,0.39046946,0.48699152
Digum_jorshi_tamang_song_aug3.wav,[81.52173913],-101.44703,134.8965,-43.60074,56.576622,-24.004803,26.515924,-19.75266,11.138431,0.16485181,-4.0669312,-3.1582828,-4.01145,-1.1941735,0.34497175,0.32272506,0.24453956,0.26052108,0.23956576,0.32860819,0.50272334,0.36819428,0.30155078,0.35730606,0.39039975,0.4870011
Digum_jorshi_tamang_song_aug4.wav,[148.02631579],-81.04262,86.05709,-8.203114,26.797087,-1.3944142,6.270608,-7.297553,5.9291377,-2.711377,-7.970953,-4.1536336,-4.9358416,-9.253527,0.33491963,0.47576728,0.307937,0.29182792,0.21159554,0.23179504,0.20592195,0.26299703,0.48740262,0.29054165,0.26637134,0.33340856
Digum_jorshi_tamang_song_aug5.wav,[81.52173913],-85.46223,113.57687,-24.402843,39.43062,-9.195311,14.186212,-10.155232,4.4543996,4.2216754,-6.086196,-2.7261267,-3.0472107,-3.391392,0.3451271,0.32284728,0.24470805,0.26076698,0.23986381,0.3288512,0.50289,0.36834353,0.3017601,0.3575152,0.39053753,0.48705035
Digum_jorshi_tamang_song_aug6.wav,[81.52173913],-96.66979,128.43494,-37.662613,51.21139,-19.30385,22.550262,-16.625675,8.902891,1.5729476,-4.7947946,-2.9730647,-3.7105973,-1.9090375,0.34500292,0.32270512,0.24454567,0.26058275,0.23967053,0.32868677,0.50279254,0.36823064,0.3016325,0.35739297,0.39042938,0.48698425
Digum_jorshi_tamang_song_aug7.wav,[89.28571429],-137.86224,123.47539,-39.432354,51.646442,-21.53791,24.002468,-17.812714,10.141688,0.19895469,-3.6193984,-2.8036084,-3.7029858,-1.1232764,0.315141,0.29497492,0.22292668,0.23676695,0.21820377,0.30123094,0.46058357,0.33533943,0.27409765,0.32528555,0.35573342,0.44533238
Digum_jorshi_tamang_song_aug8.wav,[152.02702703],-79.049194,98.21395,-12.521369,30.206028,-0.4822922,8.7734375,-5.9658914,2.1002994,5.12239,-5.78219,-3.2679727,-2.4302888,-4.7230535,0.33740014,0.31871793,0.23797348,0.2536375,0.23384418,0.32553512,0.49852762,0.36090946,0.29689234,0.3524312,0.38360438,0.47838733
Digum_jorshi_tamang_song_aug9.wav,[160.71428571],-101.717224,134.62233,-43.26491,56.382866,-23.395521,26.401651,-19.481356,10.900634,0.463035,-4.094022,-3.0781825,-3.9665816,-1.3221327,0.3433393,0.32168534,0.24314626,0.25891426,0.23767252,0.3271957,0.50126153,0.3661449,0.29996222,0.35566008,0.38837638,0.4847261
Gade_Jeba_Jhame_aug0.wav,[86.53846154],-70.54651,137.35399,-32.376156,49.1381,-29.752018,29.967014,-9.080477,10.461896,-5.6753645,3.631013,2.6446552,-0.22653185,9.109822,0.33980447,0.2448848,0.3082352,0.37344325,0.3409905,0.48866847,0.36443675,0.34503776,0.43835795,0.39406928,0.43153074,0.3268453
Gade_Jeba_Jhame_aug1.wav,[95.33898305],-94.25865,132.907,-32.72159,48.211075,-30.211573,29.552832,-9.769612,10.723023,-6.0319815,3.5813246,2.568443,-0.60054564,9.171101,0.33752105,0.24800615,0.30592513,0.3667272,0.33615375,0.46800444,0.35371166,0.33604562,0.42327285,0.38652068,0.42263383,0.32666412
Gade_Jeba_Jhame_aug10.wav,[95.33898305],-94.34365,132.98277,-32.799522,48.286358,-30.271738,29.610306,-9.8098135,10.756723,-6.051229,3.593275,2.5656247,-0.6050354,9.182066,0.33760235,0.24812378,0.30590308,0.36664551,0.33600223,0.46780184,0.35363024,0.33615333,0.4234421,0.38651487,0.42261463,0.32664487
Gade_Jeba_Jhame_aug11.wav,[92.21311475],-81.20395,135.11487,-31.075525,47.744892,-28.842634,28.892874,-8.621808,10.248361,-5.5446568,3.6470187,2.596051,-0.06677473,8.901339,0.34797648,0.25554457,0.31022736,0.378205,0.34298995,0.48199356,0.36853498,0.3438332,0.43578303,0.3992692,0.43655694,0.33639058
Gade_Jeba_Jhame_aug12.wav,[95.33898305],-85.97289,125.137245,-25.968643,42.16543,-24.923231,25.197758,-6.37381,8.266814,-4.434865,2.8085995,2.6570961,-0.092536435,8.227067,0.37860814,0.29002407,0.342598,0.40835074,0.37547678,0.50803226,0.3974445,0.37111366,0.45995918,0.4255241,0.4624541,0.36625534
Gade_Jeba_Jhame_aug13.wav,[96.98275862],-99.89566,128.2745,-29.638735,45.14427,-27.64276,27.443977,-8.346191,9.773315,-5.4243107,3.4606004,2.375419,-0.09327847,8.409865,0.3306114,0.24193016,0.3024917,0.35917953,0.33072987,0.45998845,0.34402168,0.33035812,0.4158192,0.37924767,0.41498116,0.32102105
Gade_Jeba_Jhame_aug14.wav,[95.33898305],-94.31441,132.96086,-32.77596,48.264988,-30.253664,29.594147,-9.797177,10.746496,-6.044399,3.588286,2.5662699,-0.6048885,9.177826,0.33854493,0.24997313,0.3022112,0.36746857,0.3343723,0.46681675,0.357782,0.33424675,0.4225628,0.3873587,0.42336878,0.32703677
Gade_Jeba_Jhame_aug15.wav,[95.33898305],-59.432926,89.373344,-2.9097857,18.690922,-7.2981644,15.183325,-1.3170583,2.6991587,-1.1538336,4.623781,0.54656863,3.9015126,-2.1282074,0.41407827,0.45178622,0.3497189,0.35500973,0.26504797,0.31885135,0.3856269,0.33996987,0.492466,0.37797418,0.35220033,0.4419299
Gade_Jeba_Jhame_aug16.wav,[95.33898305],-63.84166,105.72495,-9.84703,27.96092,-12.78304,15.397853,0.95588386,3.1060123,-1.1930144,1.3629639,2.5556054,1.2439197,5.9672594,0.38016573,0.292162,0.344593,0.41028938,0.37687904,0.50932336,0.3996598,0.37314448,0.46150613,0.42634913,0.46246725,0.36746162
Gade_Jeba_Jhame_aug17.wav,[108.17307692],-112.42206,90.091,-5.566403,22.419931,-9.146202,12.116651,1.9611508,2.1702335,-0.6776724,1.189133,2.2048352,1.4988457,4.8978524,0.33573687,0.25752896,0.3055285,0.36167786,0.33310145,0.449342,0.34860444,0.32810324,0.40653864,0.37563494,0.40861568,0.3244956
Gade_Jeba_Jhame_aug18.wav,[95.33898305],-94.25912,132.90872,-32.723114,48.211708,-30.212442,29.554338,-9.769893,10.724625,-6.0321636,3.5823894,2.5692322,-0.5994556,9.171484,0.33843467,0.249806,0.3021707,0.3674868,0.33444637,0.46690708,0.3578224,0.33412024,0.4223674,0.38726944,0.42329222,0.32703075
Gade_Jeba_Jhame_aug19.wav,[95.33898305],-93.51042,123.578064,-26.67128,42.235073,-26.582773,28.958176,-10.890314,11.484546,-8.245631,7.567942,-0.9454602,4.335551,3.892867,0.32379577,0.32439846,0.23611711,0.29837787,0.3508742,0.32734752,0.4665533,0.32135457,0.32964894,0.42148033,0.38960838,0.4098355
Gade_Jeba_Jhame_aug2.wav,[95.33898305],-61.67203,103.900024,-8.465949,26.810667,-11.79684,14.648339,1.4398658,2.7759516,-1.0298961,1.2993281,2.5142057,1.3766377,5.756088,0.38045642,0.29213026,0.34510198,0.41069344,0.37724975,0.50885445,0.3996921,0.37318152,0.46135393,0.4262015,0.46324083,0.36844903
Gade_Jeba_Jhame_aug3.wav,[79.22535211],-56.33467,103.47879,-8.4963,25.614979,-11.994638,19.845375,-3.3905022,4.8497057,-3.080911,5.8044343,-0.4022845,4.818793,-1.7827891,0.3802242,0.41102114,0.31454638,0.31094787,0.21552992,0.27349028,0.34500924,0.3024765,0.4758831,0.35833648,0.3303405,0.43378028
Gade_Jeba_Jhame_aug4.wav,[95.33898305],-94.27759,132.9223,-32.74415,48.227257,-30.226212,29.566893,-9.778999,10.732447,-6.03609,3.5856411,2.568335,-0.6014271,9.174253,0.33874953,0.25056526,0.30097315,0.367718,0.3338558,0.46636122,0.35912085,0.3335419,0.4221401,0.38756377,0.4234776,0.3272348
Gade_Jeba_Jhame_aug5.wav,[95.33898305],-94.63541,128.75781,-29.547493,45.20142,-27.829252,28.312233,-9.113743,10.401127,-6.2763524,4.4757996,1.6679616,0.92190677,7.644094,0.3369148,0.24735357,0.2992955,0.36241394,0.32850417,0.46356556,0.36146337,0.32010448,0.41689968,0.38917816,0.4231284,0.3352331
Gade_Jeba_Jhame_aug6.wav,[95.33898305],-94.72623,128.97592,-29.688147,45.344772,-27.90969,28.317469,-9.095255,10.335066,-6.2271667,4.3663635,1.8065385,0.9008224,7.953881,0.33606762,0.2466139,0.29984933,0.36445057,0.33116326,0.46620718,0.3607693,0.32158667,0.4166019,0.3870174,0.42298403,0.33413073
Gade_Jeba_Jhame_aug7.wav,[93.75],-88.312546,132.3206,-30.454588,46.610733,-28.33836,28.231361,-8.462686,10.01738,-5.4905634,3.5483658,2.4846427,-0.088815324,8.6688595,0.34205425,0.25160256,0.30499223,0.37154648,0.3378233,0.4731563,0.36204627,0.3379258,0.42817417,0.39258143,0.42899522,0.33089152
Gade_Jeba_Jhame_aug8.wav,[95.33898305],-63.34857,105.34756,-9.529724,27.700611,-12.522361,15.238889,1.0773228,3.0503576,-1.1706657,1.350703,2.5549154,1.2820132,5.930644,0.37970158,0.29151934,0.34427541,0.41015366,0.37703153,0.5095044,0.39953288,0.3728381,0.46147996,0.4267175,0.4631844,0.36764652
Gade_Jeba_Jhame_aug9.wav,[95.33898305],-92.28612,121.098206,-24.986382,40.648468,-25.771967,28.63931,-11.771079,11.766461,-8.8454685,9.05165,-2.0486445,5.8624854,1.6949472,0.40763044,0.31152284,0.32741368,0.23483376,0.28510386,0.34742048,0.3261108,0.4615454,0.34119523,0.3201394,0.4210658,0.39232442
Hamar_Manak_gaam_me_aug0.wav,[156.25],-107.314896,85.504395,18.985195,14.932486,-0.26112846,9.382227,-6.511774,5.7755566,-9.560849,-2.330223,-1.0161247,0.45593986,-1.9224281,0.45889202,0.29881608,0.31582558,0.25158912,0.30442125,0.26275468,0.2945345,0.41533774,0.25924486,0.263075,0.25133246,0.41981256
Hamar_Manak_gaam_me_aug1.wav,[160.71428571],-152.07974,140.50443,-11.486058,52.278778,-20.168375,27.681505,-9.845444,4.5403147,4.3000326,-3.9538698,-1.8116684,-6.831738,2.672905,0.33835587,0.4348071,0.3478258,0.31850818,0.32029113,0.4538319,0.5107888,0.39477283,0.36050734,0.29452428,0.32004765,0.2924336
Hamar_Manak_gaam_me_aug10.wav,[160.71428571],-132.30847,125.55008,-2.0261202,38.728638,-17.704596,25.934319,-18.353981,15.351594,-9.377438,0.11115739,-7.892005,3.532145,-3.6458297,0.28180504,0.31922853,0.2741489,0.2966822,0.43393892,0.30536735,0.29060715,0.26763743,0.4143552,0.48055002,0.33201638,0.34385753
Hamar_Manak_gaam_me_aug11.wav,[160.71428571],-133.69742,122.41085,0.37772226,35.818577,-16.020052,23.81691,-18.31354,15.269883,-10.829702,0.39784712,-7.6873784,4.458905,-4.545985,0.34184325,0.27103528,0.3117391,0.26389176,0.3082423,0.42390922,0.3168627,0.28147846,0.26163322,0.4060308,0.4888999,0.34941867
Hamar_Manak_gaam_me_aug12.wav,[160.71428571],-132.32692,125.56966,-2.04445,38.742744,-17.71888,25.94725,-18.364676,15.36078,-9.387592,0.11719294,-7.8984027,3.5365822,-3.649418,0.28175244,0.31916848,0.27408192,0.2965985,0.43384963,0.30532548,0.2905375,0.2675942,0.41436893,0.4805099,0.33195576,0.34381202
Hamar_Manak_gaam_me_aug13.wav,[160.71428571],-143.66301,134.57347,-6.673815,47.149414,-20.179522,27.963314,-15.666322,10.101636,-1.8951097,-2.6470988,-5.487619,-2.2917953,0.9410124,0.2848062,0.34101138,0.4360543,0.3209857,0.3011049,0.29659268,0.4513759,0.47005486,0.3304449,0.3442203,0.27726027,0.31805825
Hamar_Manak_gaam_me_aug14.wav,[160.71428571],-106.85741,100.12895,14.446198,26.058327,-6.2748723,15.993133,-8.579641,7.353501,-2.4996119,-4.9635878,-2.777607,-0.3014857,-0.23044565,0.2896101,0.3284386,0.28247637,0.30462956,0.43410885,0.31032094,0.29944968,0.2762983,0.42221913,0.48370156,0.33659992,0.3476749
Hamar_Manak_gaam_me_aug15.wav,[160.71428571],-132.33084,125.5722,-2.0458372,38.746655,-17.720581,25.948978,-18.366673,15.361258,-9.389115,0.117192045,-7.900662,3.5375664,-3.649879,0.28186718,0.31914434,0.27471384,0.29549846,0.4338404,0.3064754,0.29081458,0.26762596,0.413173,0.48196438,0.33349943,0.34385702
Hamar_Manak_gaam_me_aug16.wav,[160.71428571],-132.31432,125.55073,-2.0282168,38.730907,-17.707954,25.936478,-18.355938,15.352427,-9.379516,0.11079791,-7.892772,3.5326388,-3.6448777,0.28177258,0.3192034,0.2741065,0.2966208,0.4338732,0.30532867,0.2905475,0.267591,0.41432804,0.48047832,0.3319533,0.34382543
Hamar_Manak_gaam_me_aug17.wav,[160.71428571],-138.69527,130.06339,-4.6132536,42.739964,-19.419292,27.732008,-17.851994,14.113873,-6.3273277,-0.87391496,-7.413711,1.2221602,-2.1233625,0.31837752,0.27784413,0.3426289,0.43161687,0.31340593,0.2931531,0.2763818,0.41710013,0.4707282,0.3157937,0.34727186,0.28483513
Hamar_Manak_gaam_me_aug18.wav,[160.71428571],-132.35522,125.60746,-2.0745564,38.766827,-17.742918,25.965567,-18.384092,15.376994,-9.403596,0.1288183,-7.9103107,3.546035,-3.65774,0.28168017,0.31909487,0.27402773,0.29658023,0.43384188,0.30534142,0.2905215,0.26756647,0.4143595,0.48047668,0.33187896,0.34372315
Hamar_Manak_gaam_me_aug19.wav,[152.02702703],-132.76743,127.314575,-1.8636398,38.356953,-17.315624,25.75098,-18.346668,15.284401,-9.209804,-0.20883062,-7.729506,3.412413,-3.621335,0.27818927,0.3194596,0.27278024,0.29142287,0.42350662,0.2997165,0.289681,0.2645989,0.41325784,0.47830713,0.32733068,0.33793193
Hamar_Manak_gaam_me_aug2.wav,[92.21311475],-192.65448,120.50247,-7.7479215,43.439644,-17.82408,24.376278,-11.642952,6.640472,1.0637126,-2.501146,-3.0734527,-3.793375,1.6031598,0.27257895,0.3828414,0.28408572,0.2714649,0.25435078,0.36553618,0.43115997,0.2939006,0.29981554,0.23738971,0.27077326,0.24675213
Hamar_Manak_gaam_me_aug3.wav,[160.71428571],-129.43419,122.58835,-0.0712202,37.293846,-16.472794,24.881435,-17.31245,14.492319,-8.637307,-0.42696223,-7.358767,3.144333,-3.279669,0.28610316,0.3244826,0.27877998,0.30193156,0.4346229,0.30790517,0.29554567,0.27266315,0.41963887,0.4820057,0.33402056,0.34584215
Hamar_Manak_gaam_me_aug4.wav,[160.71428571],-132.31422,125.55177,-2.0245912,38.727753,-17.707167,25.933393,-18.354952,15.350782,-9.379244,0.109406434,-7.892237,3.5328453,-3.6435797,0.28176004,0.31918082,0.27408737,0.2966257,0.43388227,0.30532882,0.29052135,0.26756448,0.41430187,0.48045984,0.3319318,0.34381118
Hamar_Manak_gaam_me_aug5.wav,[156.25],-133.9991,126.59724,-1.7976532,38.40603,-17.265669,25.70834,-18.305532,15.212593,-9.251809,-0.24341545,-7.781813,3.340997,-3.6649091,0.27760056,0.31810588,0.272932,0.2909917,0.42748696,0.3026136,0.2892595,0.26355383,0.4099582,0.47833344,0.32794064,0.33740342
Hamar_Manak_gaam_me_aug6.wav,[160.71428571],-109.683,102.660286,13.096795,27.066965,-7.2321014,16.796146,-9.413829,7.958716,-2.9939213,-4.7017417,-3.1297967,-0.06961787,-0.4145934,0.28918043,0.3279994,0.28221282,0.304457,0.43399045,0.31006017,0.29902226,0.275774,0.42197898,0.48343918,0.33628812,0.34750757
Hamar_Manak_gaam_me_aug7.wav,[156.25],-134.12157,126.45279,-1.7222496,38.33891,-17.208088,25.642248,-18.254684,15.15645,-9.224304,-0.28280523,-7.749473,3.3258958,-3.6430266,0.27752966,0.31782103,0.27349466,0.29000697,0.42785963,0.30385858,0.2894916,0.26354554,0.40868253,0.4799052,0.32967892,0.33759144
Hamar_Manak_gaam_me_aug8.wav,[160.71428571],-153.8097,140.90334,-11.385206,52.421986,-19.876165,27.650482,-9.480815,4.020582,4.476724,-4.1675296,-1.664486,-6.915151,2.876248,0.43247354,0.34170085,0.31775248,0.31866184,0.44710264,0.50833154,0.38402078,0.35989696,0.28621507,0.3154879,0.2916659,0.34563422
Hamar_Manak_gaam_me_aug9.wav,[160.71428571],-139.1505,130.3909,-4.6596065,43.285297,-19.367558,27.567078,-17.42576,13.511891,-5.630036,-1.2182673,-7.2137976,0.59733605,-1.6929893,0.3208528,0.2785019,0.3379741,0.43287224,0.30929053,0.2945926,0.28483418,0.4296141,0.4725003,0.3238623,0.34291852,0.2766808
Jehne_Kisori_Mori_Tehne_Kisore_aug0.wav,[112.5],-231.04355,163.32588,-50.994167,31.579706,-2.6861835,-22.022757,19.442955,-6.973959,-20.098892,-6.5104485,0.42081878,4.5145335,-1.2448754,0.18714015,0.24970765,0.35658592,0.23399118,0.19929768,0.22580847,0.35382777,0.32109132,0.27586466,0.4711502,0.31409377,0.2767156
Jehne_Kisori_Mori_Tehne_Kisore_aug1.wav,[112.5],-186.42589,114.44936,-19.610434,16.528269,-0.59761536,-15.999987,12.528711,-4.4473953,-19.49882,-6.9916735,0.1402746,4.847845,-2.5862186,0.18830304,0.25307882,0.3588433,0.23460793,0.20133436,0.22883303,0.357752,0.32238886,0.2791058,0.47506496,0.31471238,0.2789576
Jehne_Kisori_Mori_Tehne_Kisore_aug10.wav,[112.5],-235.28638,167.86966,-48.1727,27.28165,5.977917,-25.37297,17.312794,2.299942,-18.84465,-10.88844,-3.3572428,3.3908675,5.8806496,0.24927545,0.36213937,0.25526533,0.20729975,0.23818742,0.36034125,0.33949304,0.2863315,0.4742683,0.3433951,0.29088488,0.21037278
Jehne_Kisori_Mori_Tehne_Kisore_aug11.wav,[112.5],-162.74167,89.74647,-7.1343627,11.135046,-0.53904945,-12.039263,8.743522,-4.076231,-17.687346,-7.3635936,-0.031496182,4.247063,-3.1029093,0.18963903,0.2543144,0.35975713,0.2358739,0.20275636,0.2299742,0.35866985,0.32344702,0.280173,0.4757526,0.31576082,0.2800574
Jehne_Kisori_Mori_Tehne_Kisore_aug12.wav,[104.16666667],-234.67786,161.10806,-50.095806,30.851658,-1.8852955,-21.730404,18.629976,-6.3902836,-20.112318,-7.116582,0.752005,4.738606,-1.0605717,0.1869043,0.249158,0.3562755,0.22856049,0.19401522,0.22029638,0.34647435,0.30658212,0.26773113,0.47216967,0.31094888,0.27904895
Jehne_Kisori_Mori_Tehne_Kisore_aug13.wav,[112.5],-228.40793,164.53418,-51.46242,31.772432,-2.7231748,-22.225311,19.612223,-7.0711637,-20.337847,-6.5469046,0.4217786,4.551505,-1.2335254,0.18796799,0.25278583,0.35864666,0.2342289,0.20091265,0.22848563,0.35737255,0.3219791,0.27864927,0.47478163,0.31442437,0.2786199
Jehne_Kisori_Mori_Tehne_Kisore_aug14.wav,[112.5],-228.95616,156.50723,-52.05998,33.427452,-9.150306,-17.66822,19.592024,-13.337676,-18.429785,-2.2471979,2.6263466,3.1531734,-8.288186,0.27332774,0.17773136,0.25375172,0.35425815,0.20943151,0.1956595,0.22655082,0.35297582,0.29768434,0.2679922,0.46421278,0.2888666
Jehne_Kisori_Mori_Tehne_Kisore_aug15.wav,[112.5],-226.37901,151.19432,-50.584805,33.10945,-11.297516,-15.523983,18.943089,-15.647522,-17.365835,-0.73739386,2.7751064,2.0162673,-10.8855,0.27373782,0.18669827,0.22378764,0.36193478,0.24604551,0.1946448,0.20965007,0.32420906,0.32118553,0.25450605,0.46023753,0.33136702
Jehne_Kisori_Mori_Tehne_Kisore_aug16.wav,[112.5],-233.02602,167.73082,-52.156136,31.463108,-0.54374206,-23.803278,19.313564,-4.544121,-20.100996,-7.820075,-0.41592497,4.5691576,1.1580544,0.18147485,0.28082952,0.35782096,0.21593778,0.20698734,0.2543698,0.37417614,0.31022963,0.3152469,0.4755617,0.3066418,0.274117
Jehne_Kisori_Mori_Tehne_Kisore_aug17.wav,[112.5],-183.7303,111.45009,-17.949852,15.769156,-0.5584522,-15.564573,12.072625,-4.3505464,-19.340954,-7.0498443,0.11475196,4.8134174,-2.6444879,0.18837802,0.2531637,0.35884473,0.23469006,0.20149578,0.2289112,0.3578104,0.3224568,0.27922076,0.47512993,0.31484213,0.27906215
Jehne_Kisori_Mori_Tehne_Kisore_aug18.wav,[112.5],-228.59634,164.77888,-51.641556,31.867018,-2.7503982,-22.238613,19.646942,-7.0893884,-20.327305,-6.5520167,0.42564234,4.5404058,-1.2271688,0.18793365,0.25274366,0.35856065,0.23424809,0.20096153,0.22842684,0.35750714,0.3221322,0.278828,0.47492188,0.31447753,0.27865437
Jehne_Kisori_Mori_Tehne_Kisore_aug19.wav,[112.5],-199.8597,129.86009,-28.76835,20.716173,-0.9834235,-18.178965,14.807134,-5.0182443,-20.074652,-6.8110046,0.20017532,4.9108176,-2.193061,0.18805082,0.25286806,0.35866824,0.23436627,0.20106857,0.22852552,0.35754004,0.32217664,0.2788892,0.4748886,0.31451195,0.27874306
Jehne_Kisori_Mori_Tehne_Kisore_aug2.wav,[104.16666667],-233.99641,161.1851,-50.20933,30.904385,-1.9113017,-21.755287,18.64151,-6.4712477,-20.076462,-7.027349,0.70634,4.7277846,-1.031472,0.1864322,0.24927,0.35690746,0.2293437,0.19500273,0.2217327,0.34901407,0.30834177,0.26835564,0.47281402,0.31163988,0.27859145
Jehne_Kisori_Mori_Tehne_Kisore_aug3.wav,[112.5],-229.33417,157.31328,-52.376873,33.47778,-8.79789,-18.006418,19.757393,-12.815958,-18.43231,-2.5307562,2.3484058,3.1196382,-7.9142947,0.27011323,0.17801537,0.2681964,0.35379457,0.2038166,0.19795932,0.23195583,0.35747597,0.2938551,0.28320608,0.46513537,0.28179654
Jehne_Kisori_Mori_Tehne_Kisore_aug4.wav,[112.5],-225.03638,144.82487,-51.786304,34.761013,-18.49028,-10.030861,15.34159,-22.29131,-12.900654,2.8200202,2.5323772,-2.4173207,-14.890115,0.4503828,0.28288126,0.25991508,0.16008286,0.2358089,0.35604808,0.20794956,0.19142859,0.2207714,0.34383616,0.29989433,0.25210932
Jehne_Kisori_Mori_Tehne_Kisore_aug5.wav,[104.16666667],-234.21039,161.51198,-50.447994,31.038647,-1.9346524,-21.771618,18.690649,-6.5173564,-20.0733,-7.025199,0.70120484,4.7130704,-1.0260409,0.18582353,0.25044417,0.3564406,0.22797011,0.19509207,0.22251591,0.34971562,0.30656025,0.26880264,0.4727221,0.3093064,0.27802405
Jehne_Kisori_Mori_Tehne_Kisore_aug6.wav,[112.5],-158.77982,86.0222,-5.5606065,10.432532,-0.5750194,-11.428834,8.166842,-4.1146107,-17.28236,-7.37086,-0.083543345,4.10121,-3.1505933,0.19008382,0.25461945,0.35987613,0.23618594,0.20313263,0.23041667,0.3589781,0.3237557,0.28050438,0.47591403,0.31611463,0.28050506
Jehne_Kisori_Mori_Tehne_Kisore_aug7.wav,[112.5],-228.41151,164.5373,-51.4645,31.773968,-2.7256653,-22.226347,19.612392,-7.071397,-20.338724,-6.5474524,0.42271256,4.5519233,-1.2331265,0.18799806,0.25279012,0.35867777,0.23426014,0.20095676,0.22854112,0.3574101,0.32203904,0.2786758,0.4748128,0.31446373,0.2786616
Jehne_Kisori_Mori_Tehne_Kisore_aug8.wav,[112.5],-228.41797,164.54411,-51.470856,31.779512,-2.7242212,-22.223999,19.614307,-7.0713534,-20.335735,-6.546766,0.4228286,4.5512853,-1.2339553,0.18796279,0.25280058,0.35861605,0.23421066,0.20090565,0.22846869,0.35739294,0.32199773,0.27871564,0.47482204,0.31442064,0.27862507
Jehne_Kisori_Mori_Tehne_Kisore_aug9.wav,[98.68421053],-173.73433,88.991806,-7.360265,11.004158,0.005892387,-11.831299,8.391474,-3.7465587,-17.605206,-7.874082,0.24961026,4.61284,-2.825695,0.18621038,0.2523518,0.36207986,0.23239407,0.19729933,0.22237258,0.34717983,0.3055901,0.26540858,0.4674897,0.30745807,0.27691343
Jigu_Baisha_aug0.wav,[95.33898305],-134.24606,134.693,-23.691114,45.865578,-20.540995,27.057688,-13.50675,8.408493,4.3164206,0.2676083,-4.917251,-3.8935478,-2.0943491,0.34665477,0.26077208,0.32230285,0.26971942,0.27717492,0.2316663,0.35003302,0.39014256,0.27788353,0.29091683,0.28729323,0.40320453
Jigu_Baisha_aug1.wav,[95.33898305],-129.22714,128.25798,-18.102766,41.020107,-16.457394,23.772623,-11.0589075,6.7952223,5.2202005,-0.094502605,-4.9585147,-3.5598233,-2.6209228,0.34719488,0.26168916,0.32319528,0.27055764,0.2777001,0.23180598,0.34977952,0.38971853,0.2775582,0.29068163,0.28761843,0.4031819
Jigu_Baisha_aug10.wav,[98.68421053],-151.96686,129.60092,-22.807547,44.188522,-19.795135,26.145197,-13.071984,8.259757,4.081594,0.4914349,-4.7595696,-3.6544075,-2.0504363,0.33147976,0.24889313,0.30769342,0.25741193,0.26529717,0.22195326,0.33500576,0.37387544,0.26652738,0.2783719,0.27465528,0.385777
Jigu_Baisha_aug11.wav,[95.33898305],-134.21631,134.64946,-23.652308,45.829876,-20.511185,27.030426,-13.4865465,8.392184,4.3259254,0.2608011,-4.914894,-3.8922987,-2.0973837,0.34661812,0.26069516,0.32225227,0.269674,0.2771203,0.23167738,0.35007414,0.39017025,0.27787113,0.29084057,0.28722826,0.403151
Jigu_Baisha_aug12.wav,[95.33898305],-108.49846,103.68282,1.1738408,24.977224,-3.4164634,13.449136,-3.6001797,2.2757423,7.419174,-0.94188666,-4.970248,-2.8193176,-3.8941,0.34782174,0.26209652,0.32350644,0.2710883,0.27810508,0.23222734,0.350192,0.3898264,0.27776587,0.2910681,0.2879018,0.40361276
Jigu_Baisha_aug13.wav,[95.33898305],-134.40503,134.90605,-23.888052,46.041824,-20.698788,27.187508,-13.610167,8.486849,4.2670035,0.29558325,-4.926332,-3.9021893,-2.0769517,0.346635,0.26068965,0.32226217,0.26973632,0.27710253,0.23171921,0.35008112,0.39011338,0.2777903,0.2907483,0.28712445,0.4031403
Jigu_Baisha_aug14.wav,[95.33898305],-138.1714,134.20241,-23.690722,45.6241,-20.35722,26.900902,-13.365886,8.383627,4.3173323,0.2890236,-4.827578,-3.8850918,-2.0371451,0.34368458,0.25825232,0.31927565,0.26711684,0.2747495,0.22955042,0.34696716,0.38713685,0.27577418,0.28840914,0.28464425,0.39967212
Jigu_Baisha_aug15.wav,[95.33898305],-134.26237,134.71709,-23.710056,45.88756,-20.559189,27.073883,-13.517516,8.418138,4.3087745,0.27042398,-4.9188566,-3.8934963,-2.0911682,0.34657007,0.26059812,0.32217887,0.2696426,0.27705362,0.23166367,0.35004887,0.39013907,0.27783227,0.29076308,0.28713852,0.4030854
Jigu_Baisha_aug16.wav,[95.33898305],-134.2809,134.73802,-23.733799,45.904156,-20.574926,27.086756,-13.528197,8.426877,4.306396,0.27342823,-4.9191165,-3.8956454,-2.0918844,0.3466521,0.26074263,0.32230216,0.26974946,0.27718425,0.23172815,0.35008815,0.3901731,0.27788195,0.29090002,0.28728348,0.40319633
Jigu_Baisha_aug17.wav,[95.33898305],-135.4511,126.862076,-20.309921,41.671295,-18.457458,27.097204,-15.109939,13.059494,0.75095236,-0.52981526,-7.81452,-1.9132881,-5.309512,0.3993644,0.32899728,0.24869615,0.32023737,0.26112852,0.26029736,0.20900592,0.32455513,0.3855964,0.26593232,0.28673953,0.2863549
Jigu_Baisha_aug18.wav,[87.890625],-139.85635,133.8187,-23.114529,45.6361,-19.885618,26.711372,-12.861815,7.9018726,4.9449763,0.24816889,-4.385586,-4.032204,-2.0834985,0.3460741,0.25882664,0.32389036,0.26553,0.26708382,0.21655434,0.33282876,0.37285295,0.2616119,0.27878827,0.279757,0.4031233
Jigu_Baisha_aug19.wav,[95.33898305],-134.46188,134.98329,-23.958168,46.110424,-20.750818,27.24062,-13.646161,8.51681,4.2474318,0.30626082,-4.9301662,-3.9041407,-2.0722637,0.345756,0.2605996,0.3226507,0.26930445,0.27699313,0.2318157,0.35094413,0.38915405,0.27659574,0.29076487,0.28774896,0.40393892
Jigu_Baisha_aug2.wav,[92.21311475],-135.7505,134.54063,-23.796339,45.903843,-20.243076,26.863571,-13.386957,8.002467,4.535341,0.17165084,-4.81172,-4.0052443,-2.1514199,0.34807518,0.26046294,0.32257393,0.26820844,0.2738682,0.22502886,0.342078,0.38207924,0.27080134,0.28385082,0.28256914,0.4027154
Jigu_Baisha_aug3.wav,[95.33898305],-134.24713,134.67854,-23.67868,45.85732,-20.533495,27.051298,-13.500284,8.405529,4.3188944,0.2651123,-4.916071,-3.8932898,-2.0945084,0.34655052,0.2605735,0.3221363,0.26961553,0.2770101,0.23161408,0.34999385,0.39007303,0.27780753,0.29074833,0.28711465,0.40305257
Jigu_Baisha_aug4.wav,[95.33898305],-108.86077,104.07963,0.9032038,25.192215,-3.5863185,13.565374,-3.6945527,2.3143253,7.4190283,-0.9357551,-4.9963703,-2.8220465,-3.8825595,0.3478229,0.26213726,0.32353666,0.27088523,0.2780083,0.23213688,0.35002765,0.38974464,0.27766365,0.29091197,0.28797546,0.4037444
Jigu_Baisha_aug5.wav,[83.95522388],-162.31647,150.7804,-29.068785,51.094727,-15.178803,18.578272,3.2195191,-7.6610346,9.861753,0.9545276,5.339145,-4.947988,1.658852,0.28508544,0.23338266,0.34411377,0.37710643,0.29869342,0.28780648,0.28986707,0.40827823,0.3492093,0.26257166,0.33135277,0.2680849
Jigu_Baisha_aug6.wav,[95.33898305],-134.3042,134.76897,-23.761688,45.928738,-20.59564,27.104586,-13.543175,8.4364,4.298286,0.27689478,-4.920196,-3.8960118,-2.0890765,0.34667492,0.26076612,0.32233116,0.26976213,0.2771627,0.23172362,0.3500999,0.39016563,0.2778683,0.29089963,0.2872956,0.40320486
Jigu_Baisha_aug7.wav,[95.33898305],-134.64667,135.22923,-24.186235,46.316044,-20.93452,27.391249,-13.767015,8.605659,4.186785,0.338112,-4.941024,-3.911322,-2.0506134,0.34672454,0.26081318,0.32237998,0.26981217,0.27713847,0.2317361,0.35013795,0.39021894,0.2778836,0.29086837,0.28722623,0.40319857
Jigu_Baisha_aug8.wav,[95.33898305],-103.795334,98.8404,4.1616163,22.736578,-1.7376895,12.152933,-2.7306938,1.9474802,7.422845,-0.8907122,-4.9933786,-2.7869167,-3.9616988,0.34795478,0.2623951,0.3235915,0.27100715,0.2784443,0.23244576,0.35022932,0.3897255,0.2778184,0.29101247,0.28804195,0.40371528
Jigu_Baisha_aug9.wav,[95.33898305],-134.89212,134.87383,-23.783337,45.90006,-20.492765,27.058733,-13.4524765,8.394511,4.3806067,0.21124321,-4.8503532,-3.9691029,-2.024389,0.34527704,0.26011407,0.3222341,0.26897582,0.27662316,0.23131858,0.35040823,0.3889022,0.2763504,0.29034385,0.28713262,0.4032417
JOJOLAPA_aug0.wav,[98.68421053],-204.79564,157.00592,-12.630186,22.422506,4.2576656,19.130531,-1.5069879,-0.87305105,6.2225633,-1.080106,-0.7850728,2.6422417,1.7745756,0.45663846,0.42318845,0.4894254,0.50485104,0.62426484,0.52497953,0.46100628,0.44579843,0.42320567,0.39033267,0.4598218,0.5475305
JOJOLAPA_aug1.wav,[122.2826087],-258.62573,125.4855,-10.850039,18.238956,3.027973,15.421328,-2.5680358,-0.30465034,4.2655644,-1.3388791,-0.5632038,2.4696786,1.0443158,0.37866035,0.34079,0.38786104,0.40254575,0.50458086,0.41993344,0.36845332,0.34686026,0.3325445,0.3105934,0.35249427,0.43513596
JOJOLAPA_aug10.wav,[98.68421053],-210.15697,160.79062,-10.710512,22.217882,4.380701,18.904081,2.8144562,-3.3441844,6.3559585,0.17458779,-1.1331745,1.3996401,3.6218352,0.48372272,0.51455235,0.6202097,0.5377855,0.46980768,0.4598817,0.45834792,0.42929602,0.46573108,0.5552104,0.47798657,0.4231033
JOJOLAPA_aug11.wav,[92.21311475],-146.33963,100.60826,11.327173,11.48068,9.909345,14.711314,1.9618877,1.6600863,2.909974,3.0098648,-2.0234015,4.0095234,0.27949238,0.43223548,0.49593222,0.52784115,0.61863154,0.5285599,0.45589015,0.44846487,0.4269429,0.39548004,0.4486888,0.55675614,0.44628453
JOJOLAPA_aug12.wav,[98.68421053],-202.25945,154.56004,-12.711768,22.230164,4.894012,19.081903,-2.7909586,-0.13257,5.4878707,-1.5583978,-0.27338144,3.2031152,1.1419051,0.47982886,0.42907986,0.48618194,0.5043263,0.62418216,0.5283159,0.46189946,0.4339049,0.4134823,0.38687634,0.4354714,0.540233
JOJOLAPA_aug13.wav,[98.68421053],-201.13737,155.46991,-13.354558,22.406887,4.415746,19.088846,-2.8547235,-0.14115421,5.5510097,-1.6172404,-0.5340573,3.09744,1.2880195,0.47193712,0.42862442,0.48609433,0.5035003,0.6247417,0.5213969,0.46051732,0.4338393,0.41345063,0.38680065,0.4394002,0.53967303
JOJOLAPA_aug14.wav,[98.68421053],-206.79492,158.05496,-11.961587,21.859894,4.1688933,19.033869,0.23279718,-1.7420511,6.7426853,-0.33260608,-0.89571893,2.174132,2.373798,0.42569527,0.49198127,0.5221847,0.61376,0.5263599,0.45969045,0.45571715,0.4320451,0.40154976,0.44912773,0.5534533,0.44064948
JOJOLAPA_aug15.wav,[96.98275862],-202.60777,155.04329,-12.593745,22.237516,5.0037084,18.99478,-2.5491812,-0.31282693,5.7884245,-1.5704024,-0.4858255,3.136022,1.3255718,0.4720567,0.42632976,0.484908,0.5018859,0.6251738,0.5211173,0.45762897,0.43040407,0.40907586,0.3807198,0.43469116,0.5391667
JOJOLAPA_aug16.wav,[89.28571429],-204.16452,154.45763,-13.955318,21.618608,5.1470637,19.0187,-2.889508,-0.76615703,6.232103,-2.1039393,-0.84036833,3.1688282,1.0877182,0.4660367,0.4203425,0.47618303,0.49336413,0.61462307,0.5028381,0.4392326,0.4133621,0.39726728,0.369378,0.4255091,0.53358245
JOJOLAPA_aug17.wav,[98.68421053],-203.15863,152.8205,-13.608842,22.05615,4.6707516,18.274221,-4.715822,1.1852919,5.1619453,-1.5189916,0.39015433,3.6860404,0.4435316,0.54961604,0.4563255,0.42283887,0.4808412,0.5086241,0.61338776,0.5373777,0.4477161,0.4167127,0.4025382,0.37265566,0.4204633
JOJOLAPA_aug18.wav,[98.68421053],-200.87209,155.1798,-13.166887,22.282316,4.497652,19.015444,-2.8107095,-0.16628705,5.5582113,-1.617802,-0.5351345,3.095774,1.2799323,0.47289667,0.4285149,0.48587534,0.5029251,0.62471414,0.52287245,0.4611663,0.43439028,0.41417828,0.3869238,0.43879485,0.5393516
JOJOLAPA_aug19.wav,[98.68421053],-170.38895,125.33232,2.0459125,14.2820835,9.522732,14.854944,-0.031131297,-0.50455534,5.024472,-0.69743514,-0.5265458,3.1131816,1.2596587,0.47798535,0.43395996,0.4912546,0.50790864,0.62971646,0.5284406,0.4666616,0.43917146,0.41924962,0.39170218,0.44302303,0.54375124
JOJOLAPA_aug2.wav,[98.68421053],-185.78743,140.03485,-5.220438,18.038221,7.1133127,16.95748,-1.4713244,-0.28739792,5.2046804,-1.0757258,-0.6456036,3.1662672,1.2348591,0.47675034,0.4325163,0.48967698,0.5067793,0.62832075,0.52680373,0.46500525,0.43784076,0.4178681,0.3907161,0.442226,0.54288256
JOJOLAPA_aug3.wav,[98.68421053],-161.46635,117.450584,5.371944,12.726101,10.384932,13.953935,0.6507158,-0.40996876,4.7826896,-0.43705148,-0.4110965,3.0505385,1.2773798,0.47879314,0.4352122,0.4924004,0.50870675,0.6302833,0.52952826,0.46822068,0.44041532,0.4206253,0.3931604,0.44401467,0.54440176
JOJOLAPA_aug4.wav,[98.68421053],-210.86328,161.04149,-10.475238,21.993378,4.303924,18.610806,3.3084283,-3.6103086,6.404779,0.33684957,-1.2609951,1.1127017,3.7370818,0.48382902,0.5173535,0.61029685,0.552783,0.47333106,0.465963,0.4679818,0.437032,0.47600254,0.5596878,0.4826452,0.4235663
JOJOLAPA_aug5.wav,[98.68421053],-201.26053,146.60048,-14.490293,21.533697,5.6168246,16.728006,-7.022838,4.0258946,3.688454,-1.6874787,1.7812296,3.800011,-0.9204569,0.4209889,0.5614782,0.45343238,0.41354904,0.47037774,0.491738,0.6170766,0.47429767,0.39564925,0.3765691,0.3663848,0.3526524
JOJOLAPA_aug6.wav,[98.68421053],-201.13364,155.46362,-13.3440275,22.407318,4.4195857,19.084908,-2.8544784,-0.15025589,5.5525403,-1.6177552,-0.5343163,3.0931947,1.2840645,0.47318444,0.42859346,0.48584223,0.5028446,0.62479293,0.5229231,0.4611812,0.4345321,0.41435733,0.38713518,0.4391016,0.5396555
JOJOLAPA_aug7.wav,[106.13207547],-224.54056,144.21492,-12.391123,21.016575,3.8619633,17.76237,-2.7450557,-0.16506454,5.103625,-1.4308571,-0.488238,2.873586,1.2230917,0.43270898,0.3897566,0.44317472,0.4605419,0.57651275,0.4845292,0.42885083,0.40373152,0.3847943,0.3578653,0.40391204,0.49588418
JOJOLAPA_aug8.wav,[106.13207547],-226.5319,142.39444,-11.971253,20.618612,3.9068692,17.49795,-2.6520426,-0.20274395,5.0660944,-1.4277135,-0.5151842,2.8458347,1.2265885,0.42779464,0.3851484,0.4380236,0.4553064,0.5703843,0.47953713,0.42415342,0.39980492,0.38082495,0.35376635,0.39950964,0.49082404
JOJOLAPA_aug9.wav,[89.28571429],-204.41591,154.70999,-14.10842,21.744738,5.0642385,19.078281,-2.916091,-0.7412545,6.2341914,-2.086854,-0.84348404,3.1618555,1.0812187,0.46573249,0.42024824,0.47645125,0.49351358,0.6144801,0.50280064,0.4392488,0.41367555,0.3972427,0.36924115,0.425269,0.5333957
Maya_Vanda_thulo_jaat_hainah_aug0.wav,[95.33898305],-143.30263,155.71687,-14.217186,32.53705,2.329164,20.556763,-1.3048538,10.058969,3.7262368,4.7367306,0.9365343,4.5021243,1.6359339,0.35463512,0.40458062,0.49257347,0.39952978,0.39339125,0.44449538,0.4999754,0.5879735,0.40848452,0.38392627,0.3098198,0.33598176
Maya_Vanda_thulo_jaat_hainah_aug1.wav,[181.4516129],-124.01904,164.70322,-15.428313,34.56368,2.0647402,21.933939,-1.7015827,10.7432995,3.71659,4.9891686,0.80473167,4.7831073,1.6035713,0.37358427,0.42304987,0.51838434,0.4248976,0.4138703,0.46799356,0.5237615,0.6209504,0.4333028,0.40567556,0.32574672,0.3522797
Maya_Vanda_thulo_jaat_hainah_aug10.wav,[148.02631579],-123.934845,162.66394,-14.360702,33.99848,3.3550277,21.87548,-0.84474933,10.880415,3.3169315,4.9610825,0.7831554,5.3877945,1.3320237,0.36145985,0.39591178,0.5185991,0.41396862,0.3954947,0.45104492,0.48261714,0.60228986,0.41875708,0.38656816,0.3102434,0.33818346
Maya_Vanda_thulo_jaat_hainah_aug11.wav,[181.4516129],-124.00464,164.70497,-15.432667,34.567486,2.064525,21.928114,-1.6923813,10.740133,3.7195966,4.9930644,0.80991745,4.7785296,1.6032933,0.37422472,0.42551163,0.5194977,0.42333624,0.41531542,0.46930957,0.5265106,0.6200239,0.43159947,0.40478948,0.3259474,0.35383326
Maya_Vanda_thulo_jaat_hainah_aug12.wav,[81.52173913],-125.025055,164.3669,-15.198526,34.1901,2.9068217,21.967554,-0.9349636,10.390458,3.7920742,5.3855295,0.58376443,4.9454246,1.9843167,0.36629263,0.41985697,0.51639485,0.41821966,0.40784937,0.46049008,0.52054286,0.6138244,0.42206368,0.3933641,0.31426206,0.34426302
Maya_Vanda_thulo_jaat_hainah_aug13.wav,[93.75],-141.29846,156.46004,-14.1825905,32.61081,2.4221287,20.62194,-1.2641289,10.068299,3.7576659,4.7192674,0.93867284,4.503848,1.6441396,0.35445252,0.3988116,0.4915214,0.4072767,0.39056706,0.44264805,0.49412578,0.5941541,0.41751832,0.38938883,0.31155297,0.3329757
Maya_Vanda_thulo_jaat_hainah_aug14.wav,[90.72580645],-133.34036,168.11456,-16.049522,34.364044,1.8869194,22.129568,0.7459106,8.977483,5.983497,4.9683833,2.3310323,3.364716,4.481131,0.39928746,0.5222158,0.42432746,0.41919997,0.47173277,0.53901947,0.63913006,0.46368998,0.40714356,0.32139966,0.3412719,0.35773954
Maya_Vanda_thulo_jaat_hainah_aug15.wav,[90.72580645],-124.006355,164.7083,-15.435871,34.566063,2.063975,21.929821,-1.6940374,10.743163,3.7240748,4.994016,0.812203,4.7767296,1.6000624,0.37269437,0.41977534,0.51675224,0.427432,0.41163206,0.46608508,0.52005726,0.62230027,0.43649936,0.40716136,0.3258093,0.35010585
Maya_Vanda_thulo_jaat_hainah_aug16.wav,[90.72580645],-94.44347,130.27815,7.8306527,19.713505,12.091897,14.367089,3.9439027,6.9309635,6.091633,3.3900313,2.1093898,3.7731156,2.0806005,0.3765064,0.42218837,0.5199921,0.4337763,0.415008,0.46977615,0.5223594,0.62726265,0.44304523,0.41218993,0.33013713,0.3529927
Maya_Vanda_thulo_jaat_hainah_aug17.wav,[181.4516129],-123.05814,163.66478,-14.9487295,34.55327,1.8176858,22.274221,-2.0643935,11.105986,3.3767316,5.2714677,0.60421836,4.906945,1.5314265,0.37755936,0.42705947,0.52245784,0.42909357,0.4182009,0.4723887,0.52779365,0.62460554,0.4369157,0.4092345,0.3294741,0.3560909
Maya_Vanda_thulo_jaat_hainah_aug18.wav,[181.4516129],-124.01904,164.70322,-15.428313,34.56368,2.0647402,21.933939,-1.7015827,10.7432995,3.71659,4.9891686,0.80473167,4.7831073,1.6035713,0.37358427,0.42304987,0.51838434,0.4248976,0.4138703,0.46799356,0.5237615,0.6209504,0.4333028,0.40567556,0.32574672,0.3522797
Maya_Vanda_thulo_jaat_hainah_aug19.wav,[152.02702703],-122.93927,164.1994,-14.908419,34.21812,2.4627833,21.634418,-0.93110317,10.751388,3.5748272,5.195316,0.85647047,5.0864344,1.522353,0.3596173,0.4134817,0.51203436,0.409761,0.39779633,0.45049,0.508875,0.60667956,0.41200238,0.38409346,0.30578458,0.33784196
Maya_Vanda_thulo_jaat_hainah_aug2.wav,[90.72580645],-124.09093,164.8306,-15.555893,34.67214,1.9830291,21.9755,-1.7243841,10.766735,3.6975093,5.0211515,0.8045239,4.77385,1.5979512,0.3721309,0.417855,0.51568705,0.42927685,0.4101721,0.4649276,0.51789343,0.62323195,0.4391694,0.40831408,0.32614833,0.3488088
Maya_Vanda_thulo_jaat_hainah_aug3.wav,[181.4516129],-125.46375,163.45033,-14.994633,34.082382,2.8942184,21.896646,-1.0202881,10.868723,3.8296154,4.724231,0.81559914,4.8583274,1.7405536,0.3745384,0.41457865,0.5204855,0.4281911,0.41087797,0.46797106,0.5107095,0.6210034,0.43650153,0.40801787,0.3285634,0.3517641
Maya_Vanda_thulo_jaat_hainah_aug4.wav,[90.72580645],-124.12133,164.87148,-15.59115,34.715313,1.9505309,21.993626,-1.7393819,10.774717,3.6779938,5.0285935,0.7944364,4.776341,1.6001941,0.37296078,0.4208163,0.5173214,0.4265659,0.41221982,0.4665771,0.52127373,0.62172276,0.43538788,0.40672112,0.32587644,0.350888
Maya_Vanda_thulo_jaat_hainah_aug5.wav,[90.72580645],-127.19211,163.04224,-14.998414,33.942913,2.4970503,21.501034,-1.3608899,10.457975,3.8898525,4.832195,0.9697985,4.653534,1.700635,0.37121356,0.4228574,0.5153772,0.41906315,0.41258565,0.46586442,0.52300346,0.6148966,0.427901,0.4018581,0.324312,0.35186768
Maya_Vanda_thulo_jaat_hainah_aug6.wav,[90.72580645],-128.02812,162.80476,-15.0546875,33.94541,2.435867,21.500326,-1.3900025,10.46129,3.8643277,4.848718,0.9592086,4.6521616,1.7025813,0.37032956,0.42108122,0.5141784,0.41909382,0.41101822,0.46410835,0.5204917,0.6142528,0.427601,0.40145475,0.32351866,0.3503827
Maya_Vanda_thulo_jaat_hainah_aug7.wav,[90.72580645],-126.8407,165.23203,-15.278619,34.26977,1.9958102,21.547722,-1.261959,10.309292,4.3320613,5.0811133,1.2744609,4.5396748,2.3067944,0.3647948,0.41284892,0.5140533,0.43800607,0.4120422,0.46167803,0.52952325,0.63137245,0.48271817,0.41930836,0.33640826,0.34582433
Maya_Vanda_thulo_jaat_hainah_aug8.wav,[90.72580645],-92.1571,127.841576,9.105863,19.100496,12.443696,14.0909605,4.1521,6.816086,6.11518,3.374619,2.1625125,3.7178257,2.0980814,0.37811145,0.42758653,0.5228651,0.4295876,0.41879943,0.4728292,0.5281768,0.6249769,0.43737277,0.40970132,0.3299039,0.35662106
Maya_Vanda_thulo_jaat_hainah_aug9.wav,[83.95522388],-125.30622,164.38824,-15.219281,34.08483,3.0522544,21.891724,-0.93868655,10.289621,3.9735641,5.3998656,0.5759957,4.852778,2.0996594,0.36670163,0.41503587,0.5155006,0.42635506,0.40796638,0.46159342,0.5176868,0.62180054,0.43268806,0.3997287,0.31756136,0.34217325
Mohi_Lelkhin_Sajni_Mor_Manwa_aug0.wav,[119.68085106],-183.3808,107.4352,5.436724,-8.869404,4.9552283,1.9017644,-5.5927415,-6.998901,-4.1668687,-6.54405,-6.441008,-1.9598538,-3.5943468,0.22182599,0.22533295,0.26700053,0.4183211,0.33429012,0.3152657,0.28252304,0.44337666,0.29854217,0.17142755,0.25323132,0.18819469
Mohi_Lelkhin_Sajni_Mor_Manwa_aug1.wav,[119.68085106],-271.67316,197.9432,-31.738039,-6.7685423,14.36389,-3.4290986,-5.043283,-6.843558,-3.5873044,-7.352099,-7.3024306,0.22245835,-5.3102307,0.21610902,0.21894197,0.26269537,0.41636106,0.32875824,0.30942604,0.27752241,0.43961903,0.29136854,0.16637036,0.2495697,0.18192594
Mohi_Lelkhin_Sajni_Mor_Manwa_aug10.wav,[127.84090909],-291.77448,184.76732,-29.644781,-6.21541,13.13257,-3.3026075,-4.6561623,-6.5103827,-3.4187498,-6.9464817,-6.927929,0.23040423,-4.8923545,0.20164785,0.20486578,0.24494044,0.38850367,0.30704075,0.28891957,0.25979942,0.4129392,0.27259943,0.15510751,0.23226616,0.1688937
Mohi_Lelkhin_Sajni_Mor_Manwa_aug11.wav,[114.79591837],-273.06702,196.1575,-30.907408,-6.7169065,14.1454525,-3.1758773,-5.3600106,-7.072316,-3.476403,-7.5552073,-7.442619,0.024806539,-5.7133036,0.21760729,0.21745452,0.25677738,0.40583894,0.3237965,0.30333424,0.27392253,0.4282946,0.2898643,0.16575974,0.2475991,0.18279119
Mohi_Lelkhin_Sajni_Mor_Manwa_aug12.wav,[112.5],-271.6427,197.64264,-31.724257,-6.840566,14.181922,-3.2857332,-5.468199,-7.1466937,-3.3282897,-7.5518494,-7.563118,0.06831867,-5.74784,0.21666731,0.21768342,0.25710082,0.4003641,0.31883904,0.30368015,0.27611858,0.43119362,0.28887302,0.16617666,0.24825743,0.18131135
Mohi_Lelkhin_Sajni_Mor_Manwa_aug13.wav,[125.],-282.7433,189.85162,-30.12803,-6.495062,13.571456,-3.3177235,-4.835824,-6.6239276,-3.4362621,-7.090698,-7.0653334,0.24227951,-5.0448833,0.20796224,0.21090074,0.25241253,0.40012422,0.3161713,0.2976317,0.2675667,0.42474774,0.28119874,0.16018237,0.23959851,0.17450945
Mohi_Lelkhin_Sajni_Mor_Manwa_aug14.wav,[119.68085106],-268.60617,187.9563,-37.089264,-2.783694,12.317739,-6.050472,-7.07168,-7.3968544,-4.6325703,-8.952328,-4.1181917,-0.62442505,-7.810174,0.18383196,0.21263736,0.21230018,0.2619407,0.412093,0.330487,0.29836023,0.24818413,0.4265757,0.28629395,0.15361701,0.23981512
Mohi_Lelkhin_Sajni_Mor_Manwa_aug15.wav,[119.68085106],-269.87814,190.08186,-36.17773,-3.3327897,12.970048,-5.245575,-6.405229,-7.4505734,-4.698238,-8.909518,-4.7951636,-0.17684756,-7.2836776,0.16855526,0.2229528,0.21008936,0.29269153,0.41770115,0.28688845,0.28814438,0.27804068,0.43007368,0.2312391,0.1564088,0.24107097
Mohi_Lelkhin_Sajni_Mor_Manwa_aug16.wav,[119.68085106],-174.47845,99.80103,7.3304834,-8.259494,4.1391664,1.9840838,-5.3934093,-7.0083303,-4.2710824,-6.3050885,-6.28113,-2.0992146,-3.4585748,0.22293311,0.22651498,0.26800478,0.4187737,0.33493,0.31614232,0.2834442,0.44401756,0.29954153,0.17273708,0.25436956,0.18941456
Mohi_Lelkhin_Sajni_Mor_Manwa_aug17.wav,[130.81395349],-295.24277,181.49423,-28.961006,-6.2383695,12.851794,-3.2205346,-4.635982,-6.462664,-3.382667,-6.858801,-6.8530774,0.21494873,-4.8012652,0.19868472,0.20190926,0.2414262,0.38266775,0.30239317,0.28485128,0.25607264,0.40726617,0.26886135,0.15272565,0.22867018,0.16626932
Mohi_Lelkhin_Sajni_Mor_Manwa_aug18.wav,[119.68085106],-271.84918,198.13824,-31.837484,-6.7302804,14.379913,-3.4466054,-5.032875,-6.851585,-3.5909853,-7.3540025,-7.309179,0.23323913,-5.3111253,0.21608925,0.21896115,0.26278892,0.4165673,0.32901102,0.30961525,0.2776172,0.4396703,0.29144517,0.16640261,0.2494687,0.18182047
Mohi_Lelkhin_Sajni_Mor_Manwa_aug19.wav,[119.68085106],-169.11243,94.45746,8.721964,-7.4981747,3.5499392,1.8076999,-5.0281982,-6.840559,-4.4697137,-6.15575,-6.064659,-2.4111805,-3.3194945,0.22484198,0.22868627,0.27072656,0.4190003,0.33459234,0.3153038,0.2842826,0.44415945,0.29763925,0.17330518,0.2548764,0.1890908
Mohi_Lelkhin_Sajni_Mor_Manwa_aug2.wav,[119.68085106],-182.61844,106.842094,5.6402864,-8.81458,4.879591,1.913333,-5.61676,-7.0192165,-4.1437626,-6.4986343,-6.436241,-1.9660255,-3.5251963,0.22241567,0.22486094,0.26880047,0.4182959,0.33067933,0.31367707,0.28275573,0.44326696,0.29321277,0.17069565,0.25288525,0.18540314
Mohi_Lelkhin_Sajni_Mor_Manwa_aug3.wav,[104.16666667],-268.80554,178.18036,-47.623184,3.2768447,8.510285,-9.364499,-8.915824,-7.493118,-5.9218554,-9.054575,-1.594405,-5.8434296,-9.793865,0.14902781,0.24406685,0.17159438,0.20975389,0.19822507,0.23128022,0.3908751,0.27989155,0.2720345,0.23008741,0.40515614,0.26500362
Mohi_Lelkhin_Sajni_Mor_Manwa_aug4.wav,[119.68085106],-273.1725,194.97884,-34.460857,-5.090561,13.983203,-3.954178,-5.1342607,-6.7739563,-3.9497414,-8.430869,-6.6256557,0.05675804,-6.5046663,0.21512507,0.212749,0.2674373,0.41324273,0.3449194,0.30167025,0.26073545,0.4316341,0.28518814,0.15962158,0.24890807,0.18601914
Mohi_Lelkhin_Sajni_Mor_Manwa_aug5.wav,[119.68085106],-198.22923,121.009,1.5412138,-9.684668,6.5061264,1.5893309,-5.940439,-6.973965,-3.9292817,-6.7741194,-6.6148176,-1.5724195,-3.8013165,0.21985583,0.22348061,0.26525876,0.4175906,0.33328614,0.31370008,0.28091407,0.442234,0.29735932,0.17023464,0.25215003,0.18646179
Mohi_Lelkhin_Sajni_Mor_Manwa_aug6.wav,[119.68085106],-211.6148,133.94347,-2.904876,-10.126263,7.9993143,1.1176143,-6.1239824,-6.9168644,-3.7284107,-7.005362,-6.7557516,-1.2316455,-4.052581,0.21909286,0.22249272,0.2644504,0.41741696,0.33274078,0.31295165,0.28012413,0.44167203,0.29661372,0.16923055,0.25127155,0.1856023
Mohi_Lelkhin_Sajni_Mor_Manwa_aug7.wav,[119.68085106],-271.86145,198.15039,-31.845678,-6.7316084,14.380838,-3.447262,-5.0307474,-6.848438,-3.5889697,-7.351926,-7.3088217,0.23103836,-5.3119445,0.2161032,0.21897726,0.26275906,0.41652417,0.32892674,0.30957898,0.27754286,0.43962887,0.29140213,0.16639552,0.24966326,0.18193701
Mohi_Lelkhin_Sajni_Mor_Manwa_aug8.wav,[119.68085106],-271.74713,198.03136,-31.774172,-6.745876,14.372857,-3.434112,-5.0382466,-6.8480763,-3.590241,-7.3545737,-7.3074217,0.22969684,-5.3095846,0.2160729,0.21897732,0.2628205,0.4165827,0.32900763,0.30965474,0.27768818,0.43974543,0.29146245,0.16640478,0.2494401,0.1818147
Mohi_Lelkhin_Sajni_Mor_Manwa_aug9.wav,[119.68085106],-271.17734,197.37746,-31.421394,-6.8438396,14.331527,-3.3750522,-5.072893,-6.841901,-3.5865457,-7.3581424,-7.297294,0.21610658,-5.299952,0.21569891,0.21912168,0.26186633,0.4165655,0.33079943,0.31029922,0.27739304,0.43967384,0.29425177,0.16686927,0.24953634,0.18315186
New_Tamang_Selo_Song_aug0.wav,[125.],-205.09116,112.267746,-4.011924,26.169333,2.8986766,14.969165,-4.2007804,9.055296,-4.897351,-0.6274865,-2.2756612,2.3378792,-4.792103,0.4828873,0.38213003,0.33393887,0.27165118,0.2912986,0.27168617,0.26874232,0.30110344,0.2518086,0.26179877,0.29073188,0.34925497
New_Tamang_Selo_Song_aug1.wav,[96.98275862],-149.5569,150.02464,-8.851815,37.222214,0.7425188,23.578506,-3.905465,10.632678,1.3775425,-0.40280068,-3.7228897,1.8983213,0.39692515,0.35396633,0.3878419,0.3681808,0.35858932,0.40951666,0.3583205,0.36616173,0.38585365,0.46026212,0.58268464,0.45862707,0.41203755
New_Tamang_Selo_Song_aug10.wav,[102.27272727],-127.62101,135.92944,-1.5622905,30.74056,5.0494885,19.582163,-1.0141668,8.893936,2.4525461,-1.2823415,-3.056049,1.8353051,0.20055646,0.35794,0.39028892,0.37372798,0.36458042,0.41663167,0.3644465,0.37377068,0.39198288,0.46378815,0.5885365,0.46448788,0.41874743
New_Tamang_Selo_Song_aug11.wav,[127.84090909],-175.81624,83.83266,9.488559,16.307524,9.639597,10.339859,2.180637,5.245052,1.3228128,-2.4115317,-1.2254955,1.4188823,-1.6244103,0.33619094,0.2879212,0.30568558,0.2884472,0.2850084,0.32212076,0.2785948,0.27069232,0.29695743,0.3712276,0.48956707,0.38159615
New_Tamang_Selo_Song_aug12.wav,[112.5],-198.46436,148.86,-12.195094,37.380424,-1.1698693,21.115116,3.659396,3.61688,8.903589,0.9169267,1.6049782,-4.211923,4.013879,0.34497514,0.32954633,0.34114334,0.3764369,0.44927627,0.563455,0.46829164,0.39317393,0.32931316,0.3357739,0.3307007,0.32436967
New_Tamang_Selo_Song_aug13.wav,[102.27272727],-143.35303,151.76416,-10.65868,38.309013,-1.0177354,24.571283,-4.9223075,11.686303,0.49269608,-0.20564646,-3.7186847,2.1602893,0.13332501,0.35595974,0.38899037,0.37190822,0.36263755,0.4139818,0.36174363,0.37122384,0.39002985,0.46260095,0.58644694,0.4618787,0.41629162
New_Tamang_Selo_Song_aug14.wav,[102.27272727],-110.33758,119.77051,6.651945,24.356812,9.570952,15.784392,1.9238086,6.931895,3.6880863,-1.8159901,-2.6009264,1.5731442,0.31133637,0.36144477,0.39231765,0.37698007,0.3686841,0.4218646,0.3696567,0.3789167,0.39631483,0.46658155,0.5926824,0.46927732,0.42346072
New_Tamang_Selo_Song_aug15.wav,[98.68421053],-147.62746,150.42989,-9.041354,37.404613,0.5050524,23.732859,-4.1013875,10.870201,1.1935401,-0.4617094,-3.664839,1.9435296,0.3059458,0.35489193,0.38845077,0.37046027,0.3608746,0.41175616,0.35986406,0.36817193,0.38663206,0.45988023,0.5821524,0.45904228,0.41418904
New_Tamang_Selo_Song_aug16.wav,[102.27272727],-142.25883,142.21584,-6.8573527,34.116863,2.258867,20.939686,-5.0531154,12.072272,-3.5670054,-0.84231514,-3.5789988,3.3500338,-4.571404,0.44195262,0.41846767,0.35248175,0.37996456,0.35053995,0.34581673,0.39170107,0.32268208,0.33187357,0.36981907,0.46153563,0.5798527
New_Tamang_Selo_Song_aug17.wav,[102.27272727],-143.42574,151.84045,-10.706516,38.35188,-1.0568297,24.608366,-4.9483147,11.707123,0.47707915,-0.19554888,-3.7260914,2.164507,0.13206407,0.35609788,0.38878697,0.37223545,0.3622904,0.41397002,0.36224142,0.3712076,0.39014024,0.4619341,0.5868523,0.46382758,0.41665238
New_Tamang_Selo_Song_aug18.wav,[102.27272727],-143.46071,151.87791,-10.730826,38.373283,-1.0776775,24.624615,-4.963431,11.719429,0.46855217,-0.1888925,-3.7297673,2.1657362,0.1302548,0.35608348,0.38877702,0.3722378,0.36228314,0.4139454,0.36221468,0.3711855,0.39011163,0.4619341,0.58687717,0.46381596,0.4166291
New_Tamang_Selo_Song_aug19.wav,[102.27272727],-125.39695,133.74834,-0.37643257,29.775852,5.799113,18.966175,-0.5225442,8.54393,2.6842377,-1.3948344,-2.980247,1.7901778,0.22611095,0.35828623,0.39045614,0.3739299,0.36500746,0.41710582,0.36490047,0.374236,0.3924402,0.46407047,0.58893967,0.46491906,0.41920263
New_Tamang_Selo_Song_aug2.wav,[102.27272727],-144.8564,148.73126,-8.9163885,36.73937,0.5245882,23.39282,-4.5697403,11.494726,-0.15461136,-0.5907401,-3.6440043,2.6685302,-0.91717225,0.3536131,0.38558266,0.37278217,0.37013927,0.41114572,0.36823198,0.35587347,0.37396458,0.43181196,0.5830919,0.47452116,0.41812927
New_Tamang_Selo_Song_aug3.wav,[95.33898305],-150.91719,149.95215,-8.79246,37.1287,0.83532035,23.545553,-3.8122778,10.534698,1.3808804,-0.36890233,-3.76505,1.9353122,0.50390965,0.35393986,0.3874881,0.36966828,0.35898846,0.41012627,0.35956588,0.36598846,0.3852311,0.45867887,0.5827652,0.46134236,0.41156054
New_Tamang_Selo_Song_aug4.wav,[93.75],-152.4693,149.67825,-8.565005,36.999176,1.014653,23.475914,-3.6811137,10.280754,1.4294744,-0.38279143,-3.8322096,1.9495444,0.6360194,0.35228667,0.38656336,0.3694425,0.3583925,0.4092813,0.35835868,0.36487576,0.384325,0.45724547,0.57923454,0.45830122,0.4093377
New_Tamang_Selo_Song_aug5.wav,[102.27272727],-141.75642,141.03471,-6.440481,33.758167,2.7051091,20.421797,-5.1667104,11.8514185,-4.297812,-0.7476251,-3.248627,3.462818,-5.0263333,0.45249608,0.41576293,0.35032973,0.3693746,0.34801537,0.33402866,0.38089758,0.30520073,0.32196918,0.36172992,0.44750795,0.5901694
New_Tamang_Selo_Song_aug6.wav,[102.27272727],-143.42793,151.84294,-10.708601,38.35337,-1.0581293,24.609676,-4.9494166,11.708144,0.47696754,-0.19505154,-3.7266173,2.1644292,0.1317981,0.3560937,0.38878217,0.3722299,0.3622825,0.41395962,0.3622361,0.37119988,0.390133,0.46192932,0.5868475,0.4638267,0.41664982
New_Tamang_Selo_Song_aug7.wav,[102.27272727],-105.09644,112.51497,9.651548,23.746391,8.8633995,17.347193,1.9649261,8.465474,3.2892482,2.405682,-5.343352,2.811531,-0.90647084,0.37869936,0.3806038,0.3744177,0.42168462,0.38425094,0.3973277,0.42742014,0.4971012,0.61114824,0.4919637,0.4306155,0.35906324
New_Tamang_Selo_Song_aug8.wav,[110.29411765],-168.2552,140.33069,-8.816252,34.87302,-0.16367267,22.277786,-3.9520504,10.542546,0.8620529,-0.33514538,-3.303897,1.9448677,0.11296823,0.32957968,0.35941827,0.34405336,0.3349514,0.38339308,0.33546987,0.34423873,0.36195186,0.4295849,0.54777175,0.43243533,0.38682377
New_Tamang_Selo_Song_aug9.wav,[102.27272727],-143.33514,151.7441,-10.644905,38.299725,-1.005061,24.562628,-4.915536,11.678802,0.49707654,-0.21102303,-3.7157364,2.1595128,0.13557085,0.35614243,0.3888709,0.37229967,0.36232013,0.4140562,0.36228356,0.37124783,0.39018375,0.462015,0.5870021,0.46397147,0.41677213
OH_MAICHA_aug0.wav,[102.27272727],-225.5943,131.05817,10.260613,28.664507,1.3341386,27.467585,-11.495157,14.741146,4.215597,2.298587,-3.304432,4.433555,-7.0514636,0.5169929,0.42075014,0.39290982,0.37850517,0.39359912,0.3902755,0.46552756,0.51465696,0.4340477,0.44028085,0.3920518,0.4436658
OH_MAICHA_aug1.wav,[114.79591837],-265.483,117.52734,7.9615498,29.07019,-1.6180952,27.625093,-8.56268,9.693935,6.434103,3.7430105,-1.7354875,3.4298868,-1.217071,0.3601095,0.35102832,0.34087926,0.35099098,0.36494145,0.42565447,0.47158375,0.41387224,0.40134132,0.36505187,0.41736323,0.44698912
OH_MAICHA_aug10.wav,[102.27272727],-228.3813,122.59109,13.954187,23.016867,7.858641,20.306149,-9.3845625,17.247833,-1.2816882,-0.2824653,-2.9976892,1.4813612,-8.154648,0.39167058,0.45463133,0.5018216,0.39077336,0.36737865,0.35635626,0.37610486,0.35698068,0.41981924,0.48746672,0.40682328,0.43118772
OH_MAICHA_aug11.wav,[102.27272727],-184.26596,96.293396,24.60064,20.536556,9.253724,17.952347,-2.9716365,9.606947,5.6681695,1.721769,-1.8984731,2.0262382,-4.6795425,0.52764267,0.4368273,0.41315678,0.39777717,0.41590452,0.41309676,0.48311627,0.53053236,0.45624566,0.46216118,0.41510305,0.46060252
OH_MAICHA_aug12.wav,[93.75],-227.7386,131.3045,11.844811,29.399097,2.4400697,27.256573,-11.321924,14.201937,4.7143354,1.7841591,-3.224892,4.2265954,-7.122078,0.50559765,0.41763827,0.39653653,0.37478086,0.39218026,0.38565287,0.46519265,0.5126474,0.43622905,0.44239676,0.3950551,0.44468552
OH_MAICHA_aug13.wav,[102.27272727],-162.85497,81.791885,27.19326,19.060652,10.715857,15.490997,-0.61226803,8.360507,5.527022,1.8657216,-1.4898561,1.2030671,-3.7289567,0.53173375,0.44348058,0.41715142,0.40069032,0.41964918,0.4170036,0.48599643,0.53517747,0.46396664,0.46652305,0.42010134,0.4615581
OH_MAICHA_aug14.wav,[102.27272727],-197.70956,106.544205,21.4056,22.206022,7.59642,20.226236,-5.0102167,10.710841,5.52868,1.7483011,-2.2548754,2.7214801,-5.3713183,0.5263301,0.43569243,0.41062576,0.39485225,0.4129115,0.4103031,0.48097873,0.5283478,0.45323858,0.45902562,0.41228983,0.45781156
OH_MAICHA_aug15.wav,[104.16666667],-232.44914,127.98294,10.54007,28.152958,1.6083202,26.85691,-11.063463,14.364884,4.1269355,2.3240721,-3.2435422,4.393498,-6.8919086,0.5070826,0.41326937,0.38626418,0.37237647,0.3863312,0.3830409,0.4565033,0.50435364,0.42496967,0.4318376,0.3856806,0.43591383
OH_MAICHA_aug16.wav,[106.13207547],-185.8157,84.19669,25.829935,18.966776,10.09548,15.831627,-1.2942525,8.4079075,5.4128838,1.7882931,-1.5144995,1.4673587,-3.8524776,0.5077946,0.41898,0.39932734,0.38548768,0.40272734,0.4012893,0.46939155,0.50952524,0.43541247,0.44549584,0.40034732,0.4495635
OH_MAICHA_aug17.wav,[170.45454545],-227.19984,116.2519,16.993656,19.41875,13.30935,12.409523,-5.564646,14.9572735,-5.777634,-3.1900373,-1.2899084,-2.7683463,-1.8527374,0.41069832,0.42717835,0.36943945,0.4125228,0.4800599,0.3706456,0.36170965,0.3262236,0.35725293,0.35017097,0.4165916,0.49301368
OH_MAICHA_aug18.wav,[102.27272727],-173.69792,88.86826,26.18462,19.642155,10.122737,16.637135,-1.6821196,8.9116955,5.5710673,1.7843271,-1.663174,1.6142383,-4.1928954,0.5288109,0.4387687,0.41450375,0.39828587,0.4169242,0.41526273,0.48551667,0.53123367,0.45730475,0.46334767,0.4170898,0.46214315
OH_MAICHA_aug19.wav,[102.27272727],-225.62683,131.04791,10.264444,28.672102,1.336339,27.461775,-11.4772415,14.73754,4.219704,2.293937,-3.3079503,4.437236,-7.04474,0.5174616,0.42102274,0.39314646,0.37874702,0.39372697,0.39053997,0.4658267,0.51486987,0.43429884,0.44053406,0.39242512,0.44422275
OH_MAICHA_aug2.wav,[102.27272727],-174.1093,89.11852,26.1255,19.730328,10.079857,16.647146,-1.7094138,8.938885,5.6490717,1.7901222,-1.7024319,1.5912014,-4.176888,0.52852196,0.4384805,0.4144309,0.39920902,0.41782045,0.4151125,0.4855173,0.53261006,0.45799947,0.4635536,0.41660535,0.46196753
OH_MAICHA_aug3.wav,[108.17307692],-242.11096,123.10601,10.238533,27.225044,1.4650973,26.006474,-10.837931,13.981454,3.9251566,2.4046504,-3.2289333,4.2954907,-6.700894,0.48891285,0.39870524,0.37340674,0.35997003,0.37336516,0.36971954,0.4404355,0.48539716,0.40859535,0.41662082,0.37217322,0.42176643
OH_MAICHA_aug4.wav,[102.27272727],-209.88255,116.79873,17.148203,24.65775,5.201857,23.074785,-7.59509,12.302622,5.0404835,1.9428186,-2.7120764,3.459748,-6.1084075,0.5256655,0.43407226,0.4087949,0.3932657,0.41025397,0.40805423,0.47964665,0.5277012,0.45100215,0.45644686,0.40969676,0.45729443
OH_MAICHA_aug5.wav,[106.13207547],-235.50905,126.3802,10.469072,27.874582,1.5836284,26.590742,-10.944447,14.251635,4.0798044,2.3598945,-3.2373471,4.3399715,-6.8348737,0.5017261,0.41284087,0.38239852,0.36787936,0.38327482,0.37785217,0.44877225,0.50034124,0.42508358,0.4283117,0.38304833,0.42633104
OH_MAICHA_aug6.wav,[102.27272727],-175.5853,90.164085,25.949818,19.826302,9.974257,16.811743,-1.908453,8.974959,5.5945396,1.7936648,-1.6946168,1.683112,-4.246511,0.52816546,0.4362662,0.41341975,0.3985604,0.4168009,0.41519168,0.4859415,0.53027225,0.45449987,0.46202475,0.41507664,0.46349537
OH_MAICHA_aug7.wav,[102.27272727],-225.5529,131.02248,10.290802,28.641151,1.3483548,27.446014,-11.477664,14.729073,4.2222896,2.2938917,-3.2995124,4.426232,-7.05195,0.51678234,0.41967094,0.3926667,0.37840495,0.3932679,0.3903419,0.46585214,0.51388836,0.4326889,0.43980613,0.39151382,0.4447847
OH_MAICHA_aug8.wav,[108.17307692],-259.0113,129.60205,6.2999125,35.210922,-4.2571425,30.074583,-3.3294332,3.1267996,9.997112,4.2529087,1.90148,-0.021923011,6.3928204,0.34782514,0.37284592,0.38349858,0.4324616,0.5052693,0.45082924,0.45790407,0.41783118,0.45603842,0.4804012,0.39142776,0.36417404
OH_MAICHA_aug9.wav,[102.27272727],-235.17601,135.51872,8.1330385,33.87412,-2.5362158,31.337175,-8.214301,8.777037,8.647897,4.1552825,-0.86737674,3.0937703,0.7513869,0.38888136,0.38070142,0.39086956,0.40848145,0.4623136,0.53540236,0.46427444,0.45969972,0.40266523,0.4498292,0.5091263,0.4008329
Sang_Lene_Chalu_Humro_aug0.wav,[100.44642857],-127.9947,125.12968,-1.4867657,42.11493,-23.819696,29.957281,-17.723192,19.496784,-8.987617,1.8962104,-0.9878726,5.64685,-6.4395366,0.24817583,0.29171187,0.33772197,0.39739877,0.35259634,0.4141105,0.36615798,0.26887923,0.29102084,0.27347308,0.38531992,0.2769881
Sang_Lene_Chalu_Humro_aug1.wav,[100.44642857],-128.04466,125.182686,-1.5406247,42.157604,-23.863077,29.989002,-17.757563,19.525097,-9.01222,1.92037,-1.0029631,5.6618195,-6.4505033,0.24781746,0.29141563,0.3362084,0.39732057,0.3522509,0.4137604,0.36713445,0.26943728,0.2912509,0.27285975,0.38507462,0.27763537
Sang_Lene_Chalu_Humro_aug10.wav,[100.44642857],-101.803085,99.80048,16.417654,26.663177,-9.474195,16.999704,-6.313848,10.180703,-1.5878496,-3.378903,3.113665,2.3295965,-4.0966063,0.2676511,0.3111448,0.35721955,0.41469756,0.37186715,0.4349243,0.38519278,0.28691152,0.30898854,0.29214004,0.40325826,0.29509717
Sang_Lene_Chalu_Humro_aug11.wav,[137.19512195],-121.61191,127.58973,-1.4609406,42.513798,-23.903217,30.393818,-17.654982,19.565138,-8.622317,1.650472,-0.6354491,5.8078074,-6.3618574,0.2472498,0.28971118,0.3316758,0.39231884,0.34698892,0.40956327,0.3658244,0.269323,0.29518583,0.27648607,0.39650774,0.28216666
Sang_Lene_Chalu_Humro_aug12.wav,[100.44642857],-121.82953,98.51633,14.616022,17.347252,-7.3795643,14.942194,-8.815193,11.727391,-12.379418,5.480386,-2.5736291,-3.847203,-9.37846,0.2865007,0.26325104,0.37875095,0.27901676,0.23743922,0.2745022,0.32177183,0.39029998,0.31629667,0.38076767,0.3533131,0.2596419
Sang_Lene_Chalu_Humro_aug13.wav,[100.44642857],-137.14537,132.72981,-5.200388,49.50805,-25.813715,30.132734,-15.712306,14.695774,-1.703854,-2.9736218,0.8439575,3.4747233,2.324791,0.28334075,0.32320052,0.40755737,0.37038487,0.4359581,0.39179292,0.30537808,0.30737898,0.28507456,0.3858471,0.29603314,0.25223997
Sang_Lene_Chalu_Humro_aug14.wav,[100.44642857],-128.00342,125.146675,-1.500173,42.12657,-23.82996,29.968525,-17.730392,19.506298,-8.99258,1.9022552,-0.99509275,5.6482325,-6.4421754,0.24856967,0.29207844,0.33935538,0.3976143,0.35313877,0.41463506,0.36533824,0.26848587,0.2909108,0.27427986,0.38569525,0.2764228
Sang_Lene_Chalu_Humro_aug15.wav,[98.68421053],-125.47962,126.26272,-1.0419832,42.205273,-23.60843,29.930254,-17.625917,19.464523,-8.818054,1.7692109,-0.8581475,5.647628,-6.4251103,0.24989536,0.2942228,0.34073937,0.4010424,0.35586908,0.41818666,0.36934653,0.2708994,0.29322615,0.27549097,0.38858032,0.27896938
Sang_Lene_Chalu_Humro_aug16.wav,[100.44642857],-127.78606,125.46996,-1.2845459,42.010677,-23.59788,29.85994,-17.611715,19.418688,-8.873817,1.8344543,-0.93798286,5.6274657,-6.441222,0.24848607,0.29227525,0.33844998,0.39823103,0.3533909,0.41522774,0.3671849,0.26952836,0.29153138,0.27402303,0.38619033,0.2773863
Sang_Lene_Chalu_Humro_aug17.wav,[102.27272727],-134.44069,123.33862,-1.129176,41.2345,-23.155327,29.281958,-17.30985,19.029802,-8.722837,1.7894224,-0.9287022,5.518858,-6.313683,0.24379781,0.28683484,0.33232787,0.39122114,0.34716317,0.4073687,0.36044315,0.2648375,0.28633434,0.26871487,0.37888733,0.27220714
Sang_Lene_Chalu_Humro_aug18.wav,[100.44642857],-128.24843,125.40254,-1.731819,42.328312,-24.022028,30.132298,-17.889162,19.641743,-9.111433,2.0063603,-1.0723567,5.714103,-6.492114,0.24808992,0.29167157,0.3377151,0.39745322,0.35273018,0.4141722,0.36615255,0.2689146,0.29106706,0.2735233,0.38529336,0.27688032
Sang_Lene_Chalu_Humro_aug19.wav,[104.16666667],-146.36157,119.78736,-1.0764135,40.029602,-22.47523,28.446617,-16.816566,18.490444,-8.482926,1.8392723,-0.909351,5.4445095,-6.1036224,0.23595072,0.27781776,0.3205498,0.37884882,0.3358937,0.39416933,0.34989733,0.2566809,0.2773808,0.25972417,0.36669326,0.26425913
Sang_Lene_Chalu_Humro_aug2.wav,[100.44642857],-128.17125,125.328865,-1.6675333,42.27348,-23.968575,30.086773,-17.843288,19.603647,-9.077261,1.9769704,-1.0540593,5.692703,-6.478988,0.24813864,0.29173627,0.33779615,0.3974857,0.35270232,0.41420224,0.3662229,0.2689676,0.29107365,0.27355054,0.38533372,0.27694392
Sang_Lene_Chalu_Humro_aug3.wav,[100.44642857],-122.06986,119.03167,3.2160225,38.06904,-20.11021,26.592491,-14.7102375,16.999125,-6.946882,0.33918908,0.24065147,4.704105,-5.7660823,0.26522708,0.30899104,0.35598478,0.4141789,0.37043235,0.43226328,0.38220894,0.28438374,0.3068178,0.29033175,0.40187746,0.29276618
Sang_Lene_Chalu_Humro_aug4.wav,[133.92857143],-91.7134,92.56551,21.862328,23.082577,-5.4956245,13.833368,-3.358671,7.9822855,0.083599046,-3.8976362,3.5434482,2.043935,-3.825864,0.24787338,0.29016048,0.33359686,0.3929426,0.34720585,0.40820706,0.36329716,0.2678491,0.29385704,0.2774424,0.39830998,0.28279245
Sang_Lene_Chalu_Humro_aug5.wav,[100.44642857],-128.22961,125.39087,-1.7195268,42.320797,-24.012367,30.125889,-17.880823,19.63542,-9.105648,2.0008216,-1.0715123,5.7087283,-6.4909387,0.24777375,0.2913821,0.33621815,0.3973192,0.3522582,0.4137553,0.3671244,0.26944616,0.29118773,0.27285618,0.38503164,0.27759507
Sang_Lene_Chalu_Humro_aug6.wav,[100.44642857],-132.98935,127.65105,-2.9778812,45.149345,-24.21274,30.665802,-16.83855,17.637156,-6.565669,-0.60125905,-0.3893471,5.1740294,-2.6835797,0.28404877,0.31926775,0.40169013,0.3682281,0.4122266,0.40436485,0.29005057,0.29600862,0.26392236,0.3818617,0.3069195,0.24611886
Sang_Lene_Chalu_Humro_aug7.wav,[100.44642857],-107.30782,95.38803,17.24379,19.526451,-7.1255593,15.514366,-6.9008408,11.544847,-8.183441,1.4601768,1.4316218,-1.8793336,-9.043516,0.3901127,0.29735243,0.24923508,0.28661647,0.31469873,0.40233484,0.33070388,0.3929642,0.35246637,0.2552327,0.2955282,0.27771664
Sang_Lene_Chalu_Humro_aug8.wav,[100.44642857],-121.57494,108.94691,9.210635,27.089256,-14.046443,21.907072,-13.030962,16.889647,-12.2741785,4.908044,-1.2644471,1.599338,-11.991127,0.39282924,0.29470125,0.25155696,0.28885263,0.31890154,0.40324637,0.33331797,0.40540126,0.34870607,0.25726792,0.29320148,0.27509
Sang_Lene_Chalu_Humro_aug9.wav,[104.16666667],-145.77571,119.73186,-0.93173283,39.947678,-22.386621,28.361422,-16.741163,18.425793,-8.417319,1.7819161,-0.87011474,5.405004,-6.0849876,0.23645401,0.2782592,0.32227257,0.37938124,0.33670112,0.39496377,0.34926063,0.25642604,0.2774231,0.26054853,0.36723346,0.26378676
Sirsaya_Hegu_Original_aug0.wav,[98.68421053],-169.67134,127.77501,-33.194946,33.629776,-13.299155,15.329245,-16.96927,14.511009,-1.7676696,-9.085317,-3.0519376,-2.5363498,-4.175066,0.40500075,0.35581064,0.32397652,0.4232075,0.524886,0.42654335,0.38367027,0.31847295,0.29867277,0.27382857,0.40641153,0.49190775
Sirsaya_Hegu_Original_aug1.wav,[98.68421053],-156.46788,112.05907,-20.436152,23.3403,-4.8494654,8.330656,-10.999866,10.197877,0.85894775,-10.018729,-3.0265002,-1.938545,-5.050895,0.40952402,0.35854414,0.3244251,0.41826403,0.527033,0.42902866,0.3866842,0.31831765,0.30202246,0.27282348,0.40219432,0.49196544
Sirsaya_Hegu_Original_aug10.wav,[98.68421053],-157.24133,112.95796,-21.129591,23.890657,-5.2710423,8.680616,-11.303401,10.398945,0.72989523,-9.978184,-3.0158465,-1.9642557,-5.0116477,0.40625772,0.3577939,0.32677716,0.42780453,0.52677256,0.42857674,0.3846721,0.32058713,0.3002658,0.27714816,0.4093072,0.4934863
Sirsaya_Hegu_Original_aug11.wav,[98.68421053],-171.68542,125.51465,-32.475624,32.767384,-13.071181,14.40023,-17.05165,15.248029,-3.4433491,-8.782903,-3.1412635,-2.2342355,-5.1448145,0.5036647,0.38708693,0.3616981,0.3205209,0.42821455,0.51075673,0.4356104,0.38030234,0.31297427,0.29829574,0.26647252,0.39058247
Sirsaya_Hegu_Original_aug12.wav,[98.68421053],-171.53438,116.00252,-30.359812,29.568562,-11.678674,12.29492,-15.220007,17.505753,-10.6263485,-6.676619,-4.2322183,-2.120668,-9.172639,0.40080667,0.51064306,0.38464358,0.3294542,0.30221927,0.40406412,0.52825546,0.41303793,0.3483577,0.2964884,0.26938498,0.23900071
Sirsaya_Hegu_Original_aug13.wav,[98.68421053],-149.1771,104.06435,-14.508831,19.025898,-1.4935086,5.6919703,-8.545052,8.48976,1.7980413,-10.09424,-3.1514463,-1.6272006,-5.3250923,0.40635535,0.35797766,0.32684493,0.42797002,0.5268815,0.42882353,0.38489613,0.3208867,0.30043742,0.27734104,0.4093126,0.49326894
Sirsaya_Hegu_Original_aug14.wav,[92.21311475],-176.49455,125.76249,-32.908978,34.069584,-12.961493,14.019275,-17.459959,14.541936,-1.820151,-10.44242,-3.8237684,-3.1842418,-5.4065113,0.4010652,0.33916643,0.2987264,0.41313133,0.52376944,0.4140672,0.35934484,0.2978936,0.27941787,0.24625272,0.3947934,0.4902781
Sirsaya_Hegu_Original_aug15.wav,[106.13207547],-194.71667,119.65698,-30.614668,31.694914,-12.220723,14.628196,-15.695914,13.796539,-1.5008761,-8.177863,-2.8543303,-2.2945826,-3.8639324,0.37531832,0.32682538,0.29735443,0.3917523,0.48919055,0.39959806,0.36200765,0.29967856,0.2795828,0.25705183,0.3805968,0.45916522
Sirsaya_Hegu_Original_aug16.wav,[96.98275862],-172.29988,128.04086,-33.27102,33.994766,-13.167541,15.074658,-17.115404,14.767993,-1.7324542,-9.34698,-3.2901754,-2.7043471,-4.5548816,0.4061543,0.35381764,0.31969172,0.42416745,0.5258233,0.42492053,0.37814492,0.3166199,0.29588437,0.2707422,0.40898076,0.49536955
Sirsaya_Hegu_Original_aug17.wav,[98.68421053],-169.90317,128.08284,-33.46601,33.87254,-13.514985,15.522652,-17.126427,14.640078,-1.8561531,-9.032381,-3.0821867,-2.5372913,-4.155375,0.407679,0.3564953,0.3223137,0.4159092,0.5247914,0.4266779,0.38510978,0.31674913,0.299839,0.27069622,0.40103966,0.49094307
Sirsaya_Hegu_Original_aug18.wav,[98.68421053],-169.81172,127.96384,-33.35814,33.77758,-13.430105,15.445002,-17.062574,14.590426,-1.819038,-9.052372,-3.0670915,-2.5347981,-4.162128,0.4033962,0.35541764,0.32509506,0.42808807,0.5245961,0.4263302,0.38265824,0.31962776,0.29774362,0.27598602,0.40998486,0.49239707
Sirsaya_Hegu_Original_aug19.wav,[104.16666667],-186.2906,122.759865,-31.579596,32.46045,-12.620239,14.911493,-16.17129,14.086822,-1.597361,-8.461564,-2.9316456,-2.361467,-3.9705713,0.3861262,0.337246,0.3070185,0.40302542,0.5020663,0.40981668,0.37019825,0.30665115,0.28699136,0.26362583,0.39040098,0.47118112
Sirsaya_Hegu_Original_aug2.wav,[98.68421053],-169.67468,127.76048,-33.184334,33.618057,-13.288922,15.321775,-16.96117,14.506949,-1.7639179,-9.0870495,-3.0505285,-2.5360816,-4.175559,0.40416768,0.35561687,0.32453787,0.425676,0.52481914,0.4265005,0.38318294,0.31901705,0.29816875,0.27488697,0.40819097,0.49214774
Sirsaya_Hegu_Original_aug3.wav,[98.68421053],-171.31966,116.3929,-30.448492,29.49055,-11.754787,12.336432,-15.331337,17.458338,-10.397328,-6.7530527,-4.173514,-2.1026316,-9.0506935,0.40449232,0.50899446,0.3861521,0.3276964,0.30223325,0.40887475,0.5301559,0.41637385,0.3483696,0.29835576,0.26944178,0.24019866
Sirsaya_Hegu_Original_aug4.wav,[93.75],-175.87184,126.08003,-32.74791,33.962963,-12.8651285,14.141834,-17.262938,14.596146,-1.6971587,-10.18576,-3.6927907,-3.0964882,-5.2655683,0.40108722,0.34155023,0.3041352,0.4200009,0.5248675,0.41772574,0.36427283,0.3056286,0.28334597,0.25356808,0.40214422,0.49278194
Sirsaya_Hegu_Original_aug5.wav,[98.68421053],-179.05801,137.00552,-34.835457,36.418118,-12.401096,16.505047,-14.6141815,7.8366303,7.981165,-9.643143,-1.7179483,-4.6081924,0.2688609,0.3482273,0.33146697,0.404178,0.52385116,0.44592577,0.40535203,0.34377694,0.3229613,0.2908951,0.4096967,0.50269336,0.40193814
Sirsaya_Hegu_Original_aug6.wav,[98.68421053],-144.33273,99.113914,-11.128744,16.781527,0.13948375,4.5031743,-7.2974744,7.662367,2.189323,-9.962781,-3.2736902,-1.4165019,-5.3927646,0.4100092,0.35891652,0.32484284,0.41848078,0.5271814,0.42921296,0.3870039,0.31889996,0.30253434,0.27330136,0.40253267,0.49226782
Sirsaya_Hegu_Original_aug7.wav,[98.68421053],-138.14813,93.0957,-7.338101,14.469749,1.6910434,3.3942363,-5.990725,6.8434153,2.553429,-9.63193,-3.4227512,-1.2124153,-5.4199343,0.4069759,0.35854784,0.3273942,0.4285322,0.5274676,0.42954564,0.3855528,0.32141343,0.30099675,0.27790803,0.4098242,0.49370277
Sirsaya_Hegu_Original_aug8.wav,[98.68421053],-169.97652,128.17426,-33.546795,33.9449,-13.578104,15.5761,-17.172579,14.675846,-1.8819302,-9.014668,-3.0835903,-2.5336246,-4.1486917,0.4034287,0.3554367,0.3250986,0.42806008,0.5245754,0.42633593,0.38268006,0.31960812,0.29772186,0.27597833,0.4099683,0.49241963
Sirsaya_Hegu_Original_aug9.wav,[98.68421053],-167.7565,125.23861,-19.779118,28.753075,-5.23705,15.93666,-11.617423,3.7949533,5.2854304,4.893627,-10.446538,2.3780396,-5.1672816,0.44159833,0.5186787,0.48072577,0.40857866,0.38074487,0.36681193,0.34427026,0.4365784,0.48165923,0.42462218,0.38367623,0.34596255
Thorang_Tama_aug0.wav,[140.625],-184.2402,138.42734,-18.596193,40.78378,-0.13425918,17.489443,-1.3842046,6.17695,-0.83833903,-2.1923013,1.9013556,0.7941505,-0.28743798,0.39829537,0.44179016,0.36204892,0.3790861,0.3381513,0.39935324,0.40016636,0.38556072,0.49328297,0.37016773,0.36883405,0.38317278
Thorang_Tama_aug1.wav,[140.625],-186.17967,138.55814,-18.368906,40.5052,0.25028244,17.286554,-0.9161016,6.0468225,-0.2983777,-2.341672,2.0044,0.8746985,0.0033225392,0.40860012,0.4410267,0.36741066,0.3803299,0.34310207,0.40961856,0.40116477,0.3990656,0.4943691,0.36701012,0.3753561,0.38433075
Thorang_Tama_aug10.wav,[140.625],-203.42053,152.52684,-21.454096,40.069283,4.0721445,14.65684,6.543102,1.7483873,7.6236854,-3.8520854,0.9595659,-0.9207018,3.1283598,0.40114307,0.36755714,0.4296532,0.43747258,0.45815492,0.52764595,0.43519956,0.40248433,0.40009484,0.4138929,0.4457626,0.37739787
Thorang_Tama_aug11.wav,[140.625],-184.15034,138.32924,-18.516563,40.71637,-0.08003749,17.446157,-1.3489451,6.1530423,-0.82157516,-2.2011635,1.9063101,0.7919026,-0.28821963,0.39829445,0.44180825,0.3620674,0.37912706,0.3381869,0.39936623,0.4001584,0.38556623,0.49329215,0.37017003,0.36883333,0.38315758
Thorang_Tama_aug12.wav,[140.625],-193.6915,144.59943,-19.279175,40.365017,1.9984764,16.14997,2.2268822,3.999429,3.5914173,-3.9315007,1.7479421,0.30257145,2.5230212,0.37320077,0.40455678,0.3550718,0.41034898,0.42298386,0.41699222,0.5156043,0.40430117,0.36501238,0.38991877,0.40011245,0.44353196
Thorang_Tama_aug13.wav,[140.625],-181.11755,135.39186,-16.783602,39.798374,0.2704173,17.282536,-1.3961939,6.4024673,-1.1959356,-1.7398822,1.5282156,1.0283275,-0.42298383,0.4157631,0.4594206,0.38015988,0.39731345,0.35659748,0.4179377,0.4172354,0.40124103,0.5090731,0.3864967,0.385465,0.4003428
Thorang_Tama_aug14.wav,[140.625],-182.19136,136.55858,-17.636328,40.422165,-0.18204886,17.637075,-1.6467204,6.552586,-1.2721851,-1.7339598,1.5425262,1.0214366,-0.4095988,0.41555578,0.45894867,0.37969643,0.39721,0.35659707,0.41764945,0.4169124,0.4011326,0.5092985,0.38682505,0.38575795,0.40043727
Thorang_Tama_aug15.wav,[140.625],-192.00246,143.45113,-19.029268,40.387466,1.6292219,16.398819,1.520098,4.436297,2.8536212,-3.735729,1.8560282,0.49394313,2.1534379,0.437619,0.380429,0.40160626,0.35837558,0.4135318,0.4162591,0.43947232,0.5076124,0.40795958,0.37605327,0.39287588,0.39231506
Thorang_Tama_aug16.wav,[140.625],-184.20358,138.38899,-18.565372,40.759113,-0.1151039,17.474085,-1.3728052,6.168444,-0.832122,-2.1951394,1.9017141,0.7936866,-0.28811026,0.3981842,0.44165373,0.36189237,0.3788862,0.33800647,0.39923525,0.40005288,0.3853902,0.4931211,0.37001354,0.3686568,0.3830326
Thorang_Tama_aug17.wav,[100.44642857],-207.43404,128.74953,-16.796309,37.72565,0.1568158,16.19475,-1.1208413,5.7340446,-0.69322324,-1.990257,1.7854925,0.82436645,-0.26020136,0.36995873,0.41058758,0.33639732,0.35254863,0.31432965,0.3711168,0.37147257,0.35775003,0.45858255,0.3432829,0.34184632,0.35590142
Thorang_Tama_aug18.wav,[140.625],-194.57227,145.08301,-19.572874,40.414867,2.2518485,16.174217,2.5553067,3.7729805,3.926365,-4.0024104,1.762666,0.3376529,2.766722,0.37296894,0.40365052,0.35696715,0.4160114,0.42332906,0.41502696,0.51751053,0.39077237,0.36530265,0.38881207,0.4026859,0.44078088
Thorang_Tama_aug19.wav,[140.625],-184.0432,138.21901,-18.42224,40.640434,-0.018763918,17.395964,-1.3094304,6.1240926,-0.8040162,-2.2132041,1.9114348,0.7899559,-0.28939855,0.39830413,0.44182712,0.3620537,0.37907428,0.3381324,0.3993427,0.4001526,0.3855573,0.4932894,0.37014824,0.3688166,0.38314825
Thorang_Tama_aug2.wav,[140.625],-184.10866,138.27983,-18.47661,40.685417,-0.05482328,17.425516,-1.334385,6.141229,-0.81425524,-2.204768,1.907233,0.7920262,-0.28867072,0.39819583,0.441642,0.36186877,0.37887865,0.3380291,0.39927205,0.40008572,0.3854028,0.49313426,0.37000862,0.36865503,0.38305166
Thorang_Tama_aug3.wav,[85.22727273],-249.66261,118.47739,-15.433842,33.244064,1.2388915,13.568411,1.3494307,3.7105258,2.5233796,-2.931159,1.5644137,0.50810826,1.8402976,0.357355,0.30865553,0.32953432,0.29239586,0.3400863,0.33902666,0.36045665,0.4164778,0.33275026,0.30638978,0.3214563,0.32531157
Thorang_Tama_aug4.wav,[140.625],-183.93521,138.1001,-18.32212,40.558712,0.047642164,17.343525,-1.2672492,6.096877,-0.7847786,-2.2217958,1.9165659,0.78843874,-0.2900491,0.3983157,0.44185114,0.36204132,0.37902662,0.33810177,0.3993713,0.40016732,0.38549164,0.49322137,0.37013024,0.3688385,0.38315815
Thorang_Tama_aug5.wav,[140.625],-183.93378,138.10092,-18.323933,40.558563,0.047340453,17.34435,-1.2665529,6.097647,-0.7849954,-2.220844,1.9165739,0.7886545,-0.29070365,0.39833856,0.44186997,0.3620545,0.37905726,0.3381584,0.39940298,0.40021592,0.38554564,0.49328288,0.37013695,0.36882877,0.38317087
Thorang_Tama_aug6.wav,[140.625],-190.61963,142.04834,-18.619354,40.29344,1.4860992,16.521461,1.0660416,4.643241,2.0411396,-3.6172082,1.8932406,0.66798794,1.839316,0.43729207,0.38036472,0.39960235,0.3538666,0.41672972,0.41536757,0.4307703,0.49556878,0.37185368,0.37263367,0.38595948,0.40771654
Thorang_Tama_aug7.wav,[140.625],-148.17197,103.16674,4.0257597,25.322336,9.881886,9.504682,4.168714,3.1310787,0.43570927,-1.7979819,1.3819885,1.0860125,-0.5402497,0.41885516,0.46234247,0.3839188,0.4006621,0.36006457,0.42049462,0.41920233,0.40367296,0.51138765,0.38978028,0.38903028,0.40406534
Thorang_Tama_aug8.wav,[140.625],-158.41383,112.3975,-1.0802819,28.553913,8.131289,10.9317875,3.2386632,3.5251904,0.30144575,-2.0807645,1.572342,1.0184128,-0.52232486,0.4175114,0.46109462,0.38229594,0.39938122,0.35842726,0.4192674,0.41828665,0.40244025,0.51037943,0.38867468,0.38778213,0.40256146
Thorang_Tama_aug9.wav,[140.625],-133.18256,90.941246,7.9039984,25.465748,7.475094,13.474149,0.5857067,9.02111,-3.3416443,4.422925,-4.9508185,6.702822,-4.0749397,0.46037608,0.40164924,0.4304745,0.38228446,0.44607112,0.43823698,0.4660246,0.53345525,0.4199094,0.40134963,0.4200351,0.4291863
